First Name,Last Name,State,District,Political outlook,Leadership and Title ,Nickname,Party ,H.R.6408,H.R.7921,H. R. 6090 ,H.R.666,H.R. 4627,H.Res.786,H.Res.845,H.R. 3985,H. Res. 989,H.R. 4639,H.R.6126,H.R.635,H.Res.246,H.Res.76,H.R.556,H. Res. 414,H.R. 1511,H.R.1325,H.R.8034,Letter A,Letter B,Letter C,Letter D
Alma,Adams,NC,NC12,Up for re-election in 2024,Rep. ,,D,Y,,Y,,,(C),N,,(C),,N,,,N,,,(C),,Y,Unsigned,Unsigned,Unsigned,Signed
Robert,Aderholt,AL,AL04,Up for re-election in 2024,Rep. ,,R,Y,,Y,,,,Y,,,,Y(C),,,Y,,,,,Y,Unsigned,Unsigned,Unsigned,Unsigned
Peter,Aguilar,CA,CA33,Up for re-election in 2024,Democratic Caucus Chairman Rep. ,Pete,D,Y,,Y,,,,N,,,,N,,,N,,,,,Y,Unsigned,Unsigned,Unsigned,Signed
Mark,Alford,MO,MO04,Up for re-election in 2024,Rep. ,,R,Y,,Y,,,,Y(C),,,,Y(C),,,Y,,,,,Y,Unsigned,Unsigned,Unsigned,Unsigned
Richard,Allen,GA,GA12,Up for re-election in 2024,Rep. ,Rick,R,Y,,Y,,,,Y,,,,Y(C),,,Y,,,,,Y,Unsigned,Unsigned,Unsigned,Unsigned
Colin,Allred,TX,TX32,Running for Senate in 2024,Rep. ,,D,Y,,Y,,,,N,,,,N,,,N,,,,,Y,Unsigned,Unsigned,Unsigned,Signed
Gabriel,Amo,RI,RI01,Up for re-election in 2024,Rep. ,Gabe,D,Y,(C),N,,,,,,,,,,,,,,,,Y,Unsigned,Unsigned,Unsigned,Signed
Mark,Amodei,NV,NV02,Up for re-election in 2024,Rep. ,,R,Y,,Y,,,,Y,,,,Y(C),,,Y,,,,,Y,Unsigned,Unsigned,Unsigned,Unsigned
Kelly,Armstrong,ND,ND01,Up for re-election in 2024,Rep. ,,R,Y,,Y,,,,Y,,,,Y,,,Y,,,,,Y,Unsigned,Unsigned,Unsigned,Unsigned
Jodey,Arrington,TX,TX19,Up for re-election in 2024,Rep. ,,R,Y,,Not voting,,,,Y,,,,Y(C),,,Y,,,,,Y,Unsigned,Unsigned,Unsigned,Unsigned
Jake,Auchincloss,MA,MA04,Up for re-election in 2024,Rep. ,,D,Y,(C),N,(C),(C),,N,,,,N,,,N,,,,(C),Y,Unsigned,Unsigned,Unsigned,Signed
Brian,Babin,TX,TX36,Up for re-election in 2024,Rep. ,,R,Y,,Y,,,,Y,,,,Y,,,Y,,,,,Y,Unsigned,Unsigned,Unsigned,Unsigned
Donald,Bacon,NE,NE02,Up for re-election in 2024,Rep. ,Don,R,Y,(C),Y,,(C),,Y,,,,Y(C),,,Y,,,,,Y,Unsigned,Unsigned,Unsigned,Unsigned
James,Baird,IN,IN04,Up for re-election in 2024,Rep. ,Jim,R,Y,,Y,,(C),,Y,,,,Y,,,Y,,,,,Y,Unsigned,Unsigned,Unsigned,Unsigned
Troy,Balderson,OH,OH12,Up for re-election in 2024,Rep. ,,R,Y,,Y,,,,Y,,,,Y(C),,,Y,,,,,Y,Unsigned,Unsigned,Unsigned,Unsigned
Rebecca,Balint,VT,VT01,Up for re-election in 2024,Rep. ,Becca,D,Y,,N,,,,N,,,,N,,,N,,,(C),,N,Signed,Unsigned,Unsigned,Signed
Jim,Banks,IN,IN03,Running for Senate in 2024,Rep. ,,R,Y,,Y,,,,Y,,,,Y,,,Y,,,,,Y,Unsigned,Unsigned,Unsigned,Unsigned
Andy,Barr,KY,KY06,Up for re-election in 2024,Rep. ,,R,Y,,Y,,,,Y,,,,Y(C),,,Y,,,,,Y,Unsigned,Unsigned,Unsigned,Unsigned
Nanette,Barragan,CA,CA44,Up for re-election in 2024,Rep. ,,D,Not voting,,Y,(C),,,N,,,,N,,,N,,,(C),,Y,Unsigned,Unsigned,Unsigned,Signed
Aaron,Bean,FL,FL04,Up for re-election in 2024,Rep. ,,R,Y,,Y,,,,Y,,,,Y(C),,,Y,,,,,Y,Unsigned,Unsigned,Unsigned,Unsigned
Joyce,Beatty,OH,OH03,Up for re-election in 2024,Rep. ,,D,Y,,Y,,,,N,,,,N,,,N,,,,,Y,Unsigned,Unsigned,Unsigned,Signed
Cliff,Bentz,OR,OR02,Up for re-election in 2024,Rep. ,,R,Y,,Y,,,,Y,,,,Y,,,Y,,,,,Y,Unsigned,Unsigned,Unsigned,Unsigned
Amerish,Bera,CA,CA06,Up for re-election in 2024,Rep. ,Ami,D,Y,,Y,,(C),,N,,,,N,,,N,,,,,Y,Unsigned,Unsigned,Unsigned,Signed
Jack,Bergman,MI,MI01,Up for re-election in 2024,Rep. ,,R,Y,,Y,,(C),,Y(C),,,,Y,,,Y,,,,,Y,Unsigned,Unsigned,Unsigned,Unsigned
Donald,Beyer,VA,VA08,Up for re-election in 2024,Rep. ,Don,D,Y,,N,,,,N,,,,N,,,N,,,,,N,Signed,Unsigned,Unsigned,Signed
Stephanie,Bice,OK,OK05,Up for re-election in 2024,Rep. ,,R,Y,,Y,,,,Y,,,,Y,,,Y,,,,,Y,Unsigned,Unsigned,Unsigned,Unsigned
Andy,Biggs,AZ,AZ05,Up for re-election in 2024,Rep. ,,R,Y,,N,,,,Y,,,(C),Y,,,Y,,,,,N,Unsigned,Unsigned,Unsigned,Unsigned
Gus,Bilirakis,FL,FL12,Up for re-election in 2024,Rep. ,,R,Y,(C),Y,,,,Y,,,,Y,,,Y,,,,,Y,Unsigned,Unsigned,Unsigned,Unsigned
Sanford,Bishop,GA,GA02,Up for re-election in 2024,Rep. ,,D,Y,,Y,,,,N,,,,N,,,N,,,,,Y,Unsigned,Unsigned,Unsigned,Signed
Dan,Bishop,NC,NC08,Running for North Carolina Attorney General,Rep. ,Dan,R,Y,,Y,,,,Y,,,,Y,,,Y,,,,,Y,Unsigned,Unsigned,Unsigned,Unsigned
Earl,Blumenauer,OR,OR03,Retiring at the end of current term,Rep. ,,D,Y,,N,(C),(C),,N,,,,N,,,N,,,(C),(C),N,Signed,Unsigned,Unsigned,Signed
Lisa,Blunt Rochester,DE,DE01,Running for Senate in 2024,Rep. ,,D,Y,,Y,,,,N,,,,N,,,N,,,,,Y,Unsigned,Unsigned,Unsigned,Signed
Lauren,Boebert,CO,CO03,Up for re-election in 2024,Rep. ,,R,Y,,N,,,,Y,,,,Y,,,Y,,,,,N,Unsigned,Unsigned,Unsigned,Unsigned
Suzanne,Bonamici,OR,OR01,Up for re-election in 2024,Rep. ,,D,Y,,N,(C),,,N,,,,N,,,N,,,,(C),Y,Unsigned,Unsigned,Unsigned,Signed
Michael,Bost,IL,IL12,Up for re-election in 2024,Rep. ,Mike,R,Y,,Y,,,,Y,,,,Y(C),,,Y,,,,,Y,Unsigned,Unsigned,Unsigned,Unsigned
Jamaal,Bowman,NY,NY16,Up for re-election in 2024,Rep. ,,D,N,,N,(C),,(C),N,,(C),,N,,(C),N,,(C),(C),(C),N,Signed,Unsigned,Unsigned,Unsigned
Brendan,Boyle,PA,PA02,Up for re-election in 2024,Rep. ,,D,Y,,Y,,,,N,,,,N,,,N,,,,,Y,Unsigned,Unsigned,Unsigned,Signed
Josh,Brecheen,OK,OK02,Up for re-election in 2024,Rep. ,,R,Y,,N,,,,Y,,,,Y,,,Y,,,,,Y,Unsigned,Unsigned,Unsigned,Unsigned
Shontel,Brown,OH,OH11,Up for re-election in 2024,Rep. ,,D,Y,,Y,,,,N,,,,N,,,N,,,,,Y,Unsigned,Unsigned,Unsigned,Signed
Julia,Brownley,CA,CA26,Up for re-election in 2024,Rep. ,,D,Y,,Y,,,,N,,,,N,,,N,,,,,Y,Unsigned,Unsigned,Unsigned,Signed
Vern,Buchanan,FL,FL16,Up for re-election in 2024,Rep. ,,R,Y,,Y,,,,Y,,,,Y(C),,,Y,,,,,Y,Unsigned,Unsigned,Unsigned,Unsigned
Kenneth,Buck,CO,CO04,Retiring at the end of current term,Rep. ,Ken,R,,,Y,,,,N,,,(C),Y,,,Y,,,,,,Unsigned,Unsigned,Unsigned,Signed
Larry,Bucshon,IN,IN08,Retiring at end of current term,Rep. ,,R,Y,(C),Y,,,,Y,,,,Y(C),,,Y,,,,,Y,Unsigned,Unsigned,Unsigned,Unsigned
Nikki,Budzinski,IL,IL13,Up for re-election in 2024,Rep. ,,D,Y,,Y,,,,N,,,,N,,,N,,,,,Y,Unsigned,Unsigned,Unsigned,Signed
Tim,Burchett,TN,TN02,Up for re-election in 2024,Rep. ,,R,Y,,Y,,(C),,Y,,,,Y(C),,,Y,,,,,N,Unsigned,Unsigned,Unsigned,Unsigned
Michael,Burgess,TX,TX26,Retiring at the end of current term,Rep. ,,R,Y,,Y,,,,Y,,,,Y(C),,,Y,,,,,Y,Unsigned,Unsigned,Unsigned,Unsigned
Eric,Burlison,MO,MO07,Up for re-election in 2024,Rep. ,,R,Y,,N,,,,Y,,,,Y,,,Y,,,,,Y,Unsigned,Unsigned,Unsigned,Unsigned
Cori,Bush,MO,MO01,Up for re-election in 2024,Rep. ,,D,N,,N,,,(S),N,,,,N,,,N,,(S),(C),,N,Unsigned,Unsigned,Unsigned,Unsigned
Kenneth,Calvert,CA,CA41,Up for re-election in 2024,Rep. ,Ken,R,Y,,Y,,,,Y,,,,Y(C),,,Y,,,,,Y(C),Unsigned,Unsigned,Unsigned,Unsigned
Kathryn,Cammack,FL,FL03,Up for re-election in 2024,Rep. ,Kat,R,Y,,Y,,,,Y,,,,Y(C),,,Y,,,,,Y,Unsigned,Unsigned,Unsigned,Unsigned
Yadira,Caraveo,CO,CO08,Up for re-election in 2024,Rep. ,,D,Not voting,,Y,,,,N,,,,N,,,N,,,,,Y,Unsigned,Unsigned,Unsigned,Signed
Salud,Carbajal,CA,CA24,Up for re-election in 2024,Rep. ,,D,Y,,Y,,,,N,,,,N,,,N,,,,,Y,Unsigned,Unsigned,Unsigned,Signed
Antonio,Cardenas,CA,CA29,Retiring at the end of current term,Rep. ,Tony,D,Y,,N,,,,N,,,,N,,(C),N,,,(C),,Y,Unsigned,Unsigned,Unsigned,Signed
Mike,Carey,OH,OH15,Up for re-election in 2024,Rep. ,,R,Y,,Y,,,,Y,,,,Y(C),,,Y,(C),,,,Y,Unsigned,Unsigned,Unsigned,Unsigned
Jerry,Carl,AL,AL01,Up for re-election in 2024,Rep. ,,R,Y,,Y,,,,Y,,,,Y(C),,,Y,,,,,Y,Unsigned,Unsigned,Unsigned,Unsigned
Andre,Carson,IN,IN07,Up for re-election in 2024,Rep. ,,D,Y,,N,(C),,(C),N,(C),(S),,N,(C),(S),N,(S),,,,N,Signed,Unsigned,Signed,Unsigned
John,Carter,TX,TX31,Up for re-election in 2024,Rep. ,,R,Y,,Y,,,,Y,,,,Y(C),,,Y,,,,,Y,Unsigned,Unsigned,Unsigned,Unsigned
Earl,Carter,GA,GA01,Up for re-election in 2024,Rep. ,Buddy,R,Y,,Y,,,,Y,,,,Y,,,Y,,,,,Y,Unsigned,Unsigned,Unsigned,Unsigned
Troy,Carter,LA,LA02,Up for re-election in 2024,Rep. ,,D,Y,,N,,,,N,,,,N,,(C),N,,,,,Y,Unsigned,Unsigned,Unsigned,Signed
Matthew,Cartwright,PA,PA08,Up for re-election in 2024,Rep. ,Matt,D,Y,,Y,,,,N,,,,N,,,N,,,,,Y,Unsigned,Unsigned,Unsigned,Signed
Gregorio,Casar,TX,TX35,Up for re-election in 2024,Rep. ,Greg,D,Y,,Y,(C),,(C),N,(C),,,N,,,N,,(C),(C),,N,Signed,Unsigned,Unsigned,Unsigned
Ed,Case,HI,HI01,Up for re-election in 2024,Rep. ,,D,Y,,N,,,,N,,(C),,N,,,N,(C),,,,Y,Unsigned,Unsigned,Unsigned,Signed
Sean,Casten,IL,IL06,Up for re-election in 2024,Rep. ,,D,Y,,N,(C),,,N,,,,N,,,N,,,,,Y,Signed,Unsigned,Unsigned,Signed
Katherine,Castor,FL,FL14,Up for re-election in 2024,Rep. ,Kathy,D,Y,,Y,,,,N,(C),,,N,,,N,,,,,Y,Unsigned,Unsigned,Unsigned,Signed
Joaquin,Castro,TX,TX20,Up for re-election in 2024,Rep. ,,D,Y,,N,,,,N,(C),,,N,,,N,,,(C),(C),N,Signed,Unsigned,Unsigned,Unsigned
Lori,Chavez-Deremer,OR,OR05,Up for re-election in 2024,Rep. ,,R,Y,,Y,,,,Y,,,,Y(C),,,Y,,,,,Y,Unsigned,Unsigned,Unsigned,Unsigned
Sheila,Cherfilus-McCormick,FL,FL20,Up for re-election in 2024,Rep. ,,D,Y,,Y,(C),,,N,,,,N,,,Y,,,,,Y,Unsigned,Unsigned,Unsigned,Signed
Judy,Chu,CA,CA28,Up for re-election in 2024,Rep. ,,D,Y,,Y,(C),,,N,(C),,,N,,,N,,,(C),,N,Signed,Unsigned,Signed,Signed
Juan,Ciscomani,AZ,AZ06,Up for re-election in 2024,Rep. ,,R,Y,,Y,,(C),,Y,,,,Y(C),,,Y,,,,,Y,Unsigned,Unsigned,Unsigned,Unsigned
Katherine,Clark,MA,MA05,Up for re-election in 2024,Minority Whip Rep. ,,D,Y,,Y,,,,N,,,,N,,,N,,,,,Y,Unsigned,Unsigned,Unsigned,Signed
Yvette,Clarke,NY,NY09,Up for re-election in 2024,Rep. ,,D,Y,,N,,,,N,,,,N,,,N,,(C),(C),,Y,Unsigned,Unsigned,Unsigned,Signed
Emanuel,Cleaver,MO,MO05,Up for re-election in 2024,Rep. ,,D,Y,,Y,,,,N,,(C),,N,,,N,,,,,Y,Unsigned,Unsigned,Unsigned,Signed
Benjamin,Cline,VA,VA06,Up for re-election in 2024,Rep. ,Ben,R,Y,,Y,,,,Y,,,,Y,,,Y,,,,,Y,Unsigned,Unsigned,Unsigned,Unsigned
Michael,Cloud,TX,TX27,Up for re-election in 2024,Rep. ,,R,Y,,N,,,,Y,,,,Y,,,Y,,,,,Y,Unsigned,Unsigned,Unsigned,Unsigned
James,Clyburn,SC,SC06,Up for re-election in 2024,Assistant Minority Leader Rep. ,Jim,D,Y,,N,,,,N,,,,N,,,N,,,,,Y,Unsigned,Unsigned,Unsigned,Signed
Andrew,Clyde,GA,GA09,Up for re-election in 2024,Rep. ,,R,Y,,Y,,,,Y,,,,Y(C),,,Y,,,,,N,Unsigned,Unsigned,Unsigned,Unsigned
Stephen,Cohen,TN,TN09,Up for re-election in 2024,Rep. ,Steve,D,Y,(C),Y,,,,Y,,,,N,,,,,,,,Y,Unsigned,Unsigned,Unsigned,Signed
Thomas,Cole,OK,OK04,Up for re-election in 2024,Rep. ,Tom,R,Y,,Y,,,,Y,,,,Y(C),,,Y,,,,,Y,Unsigned,Unsigned,Unsigned,Unsigned
Mike,Collins,GA,GA10,Up for re-election in 2024,Rep. ,,R,Y,,N,,,,Y,,,,Y,,,Y,,,,,Y,Unsigned,Unsigned,Unsigned,Unsigned
James,Comer,KY,KY01,Up for re-election in 2024,Rep. ,,R,Y,,Y,,,,Y,,,,Y,,,Y,,,,,Y,Unsigned,Unsigned,Unsigned,Unsigned
Gerald,Connolly,VA,VA11,Up for re-election in 2024,Rep. ,Gerry,D,Y,,Y,,,,N,,,,N,,,N,(C),,,,Y,Unsigned,Unsigned,Unsigned,Unsigned
Jose,Correa,CA,CA46,Up for re-election in 2024,Rep. ,Lou,D,Y,,Y,(C),,,N,,(C),,N,,,N,,,(C),,Y,Unsigned,Unsigned,Unsigned,Signed
James,Costa,CA,CA21,Up for re-election in 2024,Rep. ,Jim,D,Not voting,,Y,,,,Y,,,,N,,(C),N,,,(C),,Y,Unsigned,Unsigned,Unsigned,Signed
Joseph,Courtney,CT,CT02,Up for re-election in 2024,Rep. ,Joe,D,Y,,Y,,,,N,,,,N,,,N,,,,,Y,Unsigned,Unsigned,Unsigned,Signed
Angela,Craig,MN,MN02,Up for re-election in 2024,Rep. ,Angie,D,Y,,Y,,(C),,Y,,,,Y,,,N,,,,,Y,Unsigned,Unsigned,Unsigned,Signed
Elijah,Crane,AZ,AZ02,Up for re-election in 2024,Rep. ,Eli,R,Y,,N,,,,Y,,,,Y,,,Y,,,,,N,Unsigned,Unsigned,Unsigned,Unsigned
Rick,Crawford,AR,AR01,Up for re-election in 2024,Rep. ,,R,Y,,Y,,,,Y,,,,Y,,,Y,,,,,Y,Unsigned,Unsigned,Unsigned,Unsigned
Daniel,Crenshaw,TX,TX02,Up for re-election in 2024,Rep. ,Dan,R,Y,,Y,,(C),,Y,,,,Y(C),,,Y,,,,,Y,Unsigned,Unsigned,Unsigned,Unsigned
Jasmine,Crockett,TX,TX30,Up for re-election in 2024,Rep. ,,D,Y,,N,(C),,,N,,,,N,,(C),N,(C),,,,Y,Signed,Unsigned,Unsigned,Signed
Jason,Crow,CO,CO06,Up for re-election in 2024,Rep. ,,D,Y,,Y,,(C),,N,,,,N,,,N,,,(C),,Y,Unsigned,Unsigned,Unsigned,Signed
Henry,Cuellar,TX,TX28,Up for re-election in 2024,Rep. ,,D,Y,(C),Y,,,,N,,,,N,,,N,,,,,Y,Unsigned,Unsigned,Unsigned,Signed
John,Curtis,UT,UT03,Running for Senate,Rep. ,,R,Y,,Y,,(C),,Y,,,,Y,,,Y,,,,,Y,Unsigned,Unsigned,Unsigned,Unsigned
Anthony,D'Esposito,NY,NY04,Up for re-election in 2024,Rep. ,,R,Y,,Y,,,,Not voting,,,,Y(C),,,Y,,,,,Y,Unsigned,Unsigned,Unsigned,Unsigned
Sharice,Davids,KS,KS03,Up for re-election in 2024,Rep. ,,D,Y,,Y,,,,N,,,,N,,,N,,,,,Y,Unsigned,Unsigned,Unsigned,Signed
Warren,Davidson,OH,OH08,Up for re-election in 2024,Rep. ,,R,Y,,N,,,,Y,,,(S),Y,,,Y,,,,,N,Unsigned,Unsigned,Unsigned,Unsigned
Danny,Davis,IL,IL07,Up for re-election in 2024,Rep. ,,D,Y,,N,(C),,,N,,(C),,N,,,N,,,,,Y,Signed,Unsigned,Unsigned,Signed
Donald,Davis,NC,NC01,Up for re-election in 2024,Rep. ,Don,D,Y,,Y,,,,Y,,,,Y,,,N,,,,,Y,Unsigned,Unsigned,Unsigned,Signed
Monica,De La Cruz,TX,TX15,Up for re-election in 2024,Rep. ,,R,Y,,Y,,,,Y,,,,Y(C),,,Y,,,,,Y,Unsigned,Unsigned,Unsigned,Unsigned
Madeleine,Dean,PA,PA04,Up for re-election in 2024,Rep. ,,D,Y,,Y,,,,N,(C),,,N,,(C),N,,,,,Y,Signed,Unsigned,Signed,Signed
Diana,Degette,CO,CO01,Up for re-election in 2024,Rep. ,,D,Y,,N,(C),,,N,,,,N,,,N,,,(C),,Y,Unsigned,Unsigned,Unsigned,Signed
Rosa,DeLauro,CT,CT03,Up for re-election in 2024,Rep. ,,D,Y,,Y,,,,N,,,,N,,(C),N,,,,,Y,Unsigned,Unsigned,Unsigned,Signed
Suzan,Delbene,WA,WA01,Up for re-election in 2024,Rep. ,,D,Y,,Y,,,,N,,,,N,,,N,(C),,,(C),Y,Unsigned,Unsigned,Unsigned,Signed
Christopher,Deluzio,PA,PA17,Up for re-election in 2024,Rep. ,Chris,D,Y,,Y,,,,N,,,,N,,,N,,,,,Y,Unsigned,Unsigned,Unsigned,Signed
Mark,DeSaulnier,CA,CA10,Up for re-election in 2024,Rep. ,,D,Y,,N,(C),,,N,,,,Not voting,,,N,,,(C),,N,Signed,Unsigned,Unsigned,Signed
Scott,DesJarlais,TN,TN04,Up for re-election in 2024,Rep. ,,R,Y,,Y,,,,Y,,,,Y,,,Y,,,,,N,Unsigned,Unsigned,Unsigned,Unsigned
Mario,Diaz-Balart,FL,FL26,Up for re-election in 2024,Rep. ,,R,Y,,Y,,,,Y,,,,Y(C),,,Y,,,,,Y(C),Unsigned,Unsigned,Unsigned,Unsigned
Deborah,Dingell,MI,MI06,Up for re-election in 2024,Rep. ,Debbie,D,Y,,Y,,,,N,,(C),,N,,(C),N,(C),,,,Not Voting,Signed,Unsigned,Unsigned,Unsigned
Lloyd,Doggett,TX,TX37,Up for re-election in 2024,Rep. ,,D,Not voting,,Y,,,,N,,,,N,,,N,(C),,,,N,Signed,Unsigned,Unsigned,Signed
Byron,Donalds,FL,FL19,Up for re-election in 2024,Rep. ,,R,Y,,N,,,,Y,,,,Y(C),,,Y,,,,,Y,Unsigned,Unsigned,Unsigned,Unsigned
John,Duarte,CA,CA13,Up for re-election in 2024,Rep. ,,R,Y,,Y,,(C),,N,,,,Y,,,Y,,,,,Y,Unsigned,Unsigned,Unsigned,Unsigned
Jeffrey,Duncan,SC,SC03,Retiring at the end of current term,Rep. ,Jeff,R,Y,,Y,,,,Y,,,,Y,,,Y,,,,,Y,Unsigned,Unsigned,Unsigned,Unsigned
Neal,Dunn,FL,FL02,Up for re-election in 2024,Rep. ,,R,Y,,Y,,,,Y,,,,Y(C),,,Y,,,,,Y,Unsigned,Unsigned,Unsigned,Unsigned
Charles,Edwards,NC,NC11,Up for re-election in 2024,Rep. ,Chuck,R,Y,,Y,,,,Y,,,,Y(C),,,Y,,,,,Y,Unsigned,Unsigned,Unsigned,Unsigned
Jake,Ellzey,TX,TX06,Up for re-election in 2024,Rep. ,,R,Y,,Y,,,,Y,,,,Y(C),,,Y,,,,,Y,Unsigned,Unsigned,Unsigned,Unsigned
Thomas,Emmer,MN,MN06,Up for re-election in 2024,Majority Whip Rep. ,Tom,R,Y,,Y,,,,Y,,,,Y(C),,,Y,,,,,Y,Unsigned,Unsigned,Unsigned,Unsigned
Veronica,Escobar,TX,TX16,Up for re-election in 2024,Rep. ,,D,Y,,Y,,,,N,,(C),,N,,,N,(C),,(C),,Y,Signed,Unsigned,Unsigned,Signed
Anna,Eshoo,CA,CA16,Retiring at the end of current term,Rep. ,,D,Not voting,,Y,,,,N,(C),,,N,,,N,,,(C),,Y,Signed,Unsigned,Unsigned,Signed
Adriano,Espaillat,NY,NY13,Up for re-election in 2024,Rep. ,,D,Y,,Y,(C),,,N,,,,N,,(C),N,,,(C),(C),Y,Unsigned,Unsigned,Unsigned,Signed
Ron,Estes,KS,KS04,Up for re-election in 2024,Rep. ,,R,Y,,Y,,,,Y,,,,Y,,,Y,,,,,Y,Unsigned,Unsigned,Unsigned,Unsigned
Dwight,Evans,PA,PA03,Up for re-election in 2024,Rep. ,,D,Y,,N,(C),,,N,,,,N,,(C),N,,(C),,,Y,Signed,Unsigned,Unsigned,Signed
Walter,Ezell,MS,MS04,Up for re-election in 2024,Rep. ,Mike,R,Y,,Y,,,,Y,,,,Y,,,Y,,,,,Y,Unsigned,Unsigned,Unsigned,Unsigned
Patrick,Fallon,TX,TX04,Up for re-election in 2024,Rep. ,Pat,R,Y,,Y,,,,Y,,,,Y,,,Y,,,,,Y,Unsigned,Unsigned,Unsigned,Unsigned
Randall,Feenstra,IA,IA04,Up for re-election in 2024,Rep. ,Randy,R,Y,,Y,,,,Y,,,,Y(C),,,Y,,,,,Y,Unsigned,Unsigned,Unsigned,Unsigned
Anderson,Ferguson,GA,GA03,Retiring at end of current term,Rep. ,Drew,R,Y,,Y,,,,Y,,,,Y(C),,,Y,,,,,Y,Unsigned,Unsigned,Unsigned,Unsigned
Brad,Finstad,MN,MN01,Up for re-election in 2024,Rep. ,,R,Y,,Y,,,,Y,,,,Y,,,Y,,,,,Y,Unsigned,Unsigned,Unsigned,Unsigned
Michelle,Fischbach,MN,MN07,Up for re-election in 2024,Rep. ,,R,Y,,Y,,,,Y,,,,Y,,,Y,,,,,Y,Unsigned,Unsigned,Unsigned,Unsigned
Scott,Fitzgerald,WI,WI05,Up for re-election in 2024,Rep. ,,R,Y,,Y,,,,Y,,,,Y,,,Y,,,,,Y,Unsigned,Unsigned,Unsigned,Unsigned
Brian,Fitzpatrick,PA,PA01,Up for re-election in 2024,Rep. ,,R,Y,(C),Y,,(C),,Y,,,,Y,,,Y,,,,,Y,Unsigned,Unsigned,Unsigned,Unsigned
Charles,Fleischmann,TN,TN03,Up for re-election in 2024,Rep. ,Chuck,R,Y,,Y,,,,Y,,,,Y(C),,,Y,,,,,Y,Unsigned,Unsigned,Unsigned,Unsigned
Elizabeth,Fletcher,TX,TX07,Up for re-election in 2024,Rep. ,Lizzie,D,Y,(C),Y,,,,N,,(C),,N,,,N,,,,,Y,Unsigned,Unsigned,Unsigned,Signed
Michael,Flood,NE,NE01,Up for re-election in 2024,Rep. ,Mike,R,Y,,Y,,,,Y,,,,Y(C),,,Y,,,,,Y,Unsigned,Unsigned,Unsigned,Unsigned
Bill,Foster,IL,IL11,Up for re-election in 2024,Rep. ,,D,Y,,N,,,,N,,,,N,,,N,,,,,Y,Signed,Unsigned,Unsigned,Signed
Valerie,Foushee,NC,NC04,Up for re-election in 2024,Rep. ,,D,Y,,N,,,,N,,,,N,,,N,,,(C),,Y,Unsigned,Unsigned,Unsigned,Signed
Virginia,Foxx,NC,NC05,Up for re-election in 2024,Rep. ,,R,Y,,Y,,,,Y,,,,Y,,,Y,,,,,Y,Unsigned,Unsigned,Unsigned,Unsigned
Lois,Frankel,FL,FL22,Up for re-election in 2024,Rep. ,,D,Not voting,(C),Y,(C),,,Y,,,,Y,,,N,,,,,Y,Unsigned,Unsigned,Unsigned,Unsigned
Clifford,Franklin,FL,FL18,Up for re-election in 2024,Rep. ,Scott,R,Y,,Y,,,,Y,,,,Y(C),,,Y,,,,,Y,Unsigned,Unsigned,Unsigned,Unsigned
Maxwell,Frost,FL,FL10,Up for re-election in 2024,Rep. ,,D,Y,,N,,,,N,,,,N,,,N,,,(C),,N,Signed,Unsigned,Unsigned,Unsigned
Russell,Fry,SC,SC07,Up for re-election in 2024,Rep. ,,R,Y,,Y,,,,Y,,,,Y(C),,,Y,,,,,Y,Unsigned,Unsigned,Unsigned,Unsigned
Russell,Fulcher,ID,ID01,Up for re-election in 2024,Rep. ,Russ,R,Y,,Y,,,,Y,,,,Y,,,Y,,,,,Y,Unsigned,Unsigned,Unsigned,Unsigned
Matthew,Gaetz,FL,FL01,Up for re-election in 2024,Rep. ,Matt,R,Y,,N,,,,Y,,,,Y,,,Y,,,,,N,Unsigned,Unsigned,Unsigned,Unsigned
Mike,Gallagher,WI,WI08,Retiring at the end of current term,Rep. ,,R,Y,,Y,,,,Y,,,,Y,,,Y,,,,,Y,Unsigned,Unsigned,Unsigned,Unsigned
Ruben,Gallego,AZ,AZ03,Running for Senate in 2024,Rep. ,,D,Y,,Y,(C),,,N,,,,N,,,N,,,,,Y,Unsigned,Unsigned,Unsigned,Signed
John,Garamendi,CA,CA08,Up for re-election in 2024,Rep. ,,D,Y,,N,,,,N,,,,N,,,N,,,,,N,Unsigned,Unsigned,Unsigned,Signed
Andrew,Garbarino,NY,NY02,Up for re-election in 2024,Rep. ,,R,Y,(C),Y,,,,Y,,,,Not voting,,,Y,,,,,Y,Unsigned,Unsigned,Unsigned,Unsigned
Sylvia,Garcia,TX,TX29,Up for re-election in 2024,Rep. ,,D,Y,,N,(C),,,N,,,,N,,,N,,,(C),,Y,Signed,Unsigned,Unsigned,Signed
Jesus,Garcia,IL,IL04,Up for re-election in 2024,Rep. ,Chuy,D,N,,N,(C),,(C),N,(C),,,N,,,N,,,(C),(C),N,Signed,Unsigned,Unsigned,Unsigned
Michael,Garcia,CA,CA27,Up for re-election in 2024,Rep. ,Mike,R,Y,,Y,,,,Y,,,,Y(C),,,Y,,,,,Y,Unsigned,Unsigned,Unsigned,Unsigned
Robert,Garcia,CA,CA42,Up for re-election in 2024,Rep. ,,D,Y,,Y,,,,N,,,,N,,,N,,,,,Y,Signed,Unsigned,Unsigned,Signed
Carlos,Gimenez,FL,FL28,Up for re-election in 2024,Rep. ,,R,Y,,Y,,,,Y,,,,Y(C),,,Y,,,,,Y,Unsigned,Unsigned,Unsigned,Unsigned
Marie,Gluesenkamp Perez,WA,WA03,Up for re-election in 2024,Rep. ,,D,,,Y,,,,Y,,,,,,,,,,,,,Unsigned,Unsigned,Unsigned,Signed
Jared,Golden,ME,ME02,Up for re-election in 2024,Rep. ,,D,Y,,Y,,(C),,Y,,,,Y,,,N,,,,,Y,Unsigned,Unsigned,Unsigned,Unsigned
Daniel,Goldman,NY,NY10,Up for re-election in 2024,Rep. ,Dan,D,Y,(C),Y,(C),,,Y,,,,N,,,N,,,(C),(C),Y,Unsigned,Unsigned,Unsigned,Signed
Jimmy,Gomez,CA,CA34,Up for re-election in 2024,Rep. ,,D,Y,,Y,,,,N,,,,N,,,N,,,(C),,Y,Unsigned,Unsigned,Unsigned,Unsigned
Anthony,Gonzales,TX,TX23,Up for re-election in 2024,Rep. ,Tony,R,Y,,Y,,,,Y,,,,Y(C),,,Y,,,,,Y,Unsigned,Unsigned,Unsigned,Unsigned
Vicente,Gonzalez,TX,TX34,Up for re-election in 2024,Rep. ,,D,Y,,Y,,,,N,,,,N,,,N,,,,,Y,Unsigned,Unsigned,Unsigned,Signed
Jenniffer,Gonzalez Colon,PR,PR01,Up for re-election in 2024,Rep. ,,R,,,Y,,(C),,,,,,Y(C),,,,,,,,Y,Unsigned,Unsigned,Unsigned,Unsigned
Bob,Good,VA,VA05,Up for re-election in 2024,Rep. ,,R,Y,,Y,,,,Y,,,,Y,,,Y,,,,,N,Unsigned,Unsigned,Unsigned,Unsigned
Lance,Gooden,TX,TX05,Up for re-election in 2024,Rep. ,,R,Y,,Y,,,,Y,,,,Y(C),,,Y,,,,,Y,Unsigned,Unsigned,Unsigned,Unsigned
Paul,Gosar,AZ,AZ09,Up for re-election in 2024,Rep. ,,R,Y,,N,,,,Y,,,,Y,,,Y,,,,,N,Unsigned,Unsigned,Unsigned,Unsigned
Josh,Gottheimer,NJ,NJ05,Up for re-election in 2024,Rep. ,,D,Y,(C),Y,,,,Y,,(C),,Y,,,N,,,,,Y,Unsigned,Unsigned,Unsigned,Signed
Kay,Granger,TX,TX12,Retiring at the end of current term,Rep. ,,R,Not voting,,Y,,,,Y,,,,Y,,,Y,,,,,Y,Unsigned,Unsigned,Unsigned,Unsigned
Samuel,Graves,MO,MO06,Up for re-election in 2024,Rep. ,Sam,R,Y,,Y,,,,Y,,,,Y,,,Y,,,,,Y,Unsigned,Unsigned,Unsigned,Unsigned
Garret,Graves,LA,LA06,Up for re-election in 2024,Rep. ,,R,Y,,Y,,,,Y,,,,Y,,,Y,,,,,Y,Unsigned,Unsigned,Unsigned,Unsigned
Al,Green,TX,TX09,Up for re-election in 2024,Rep. ,,D,Not voting,,N,,,,N,(C),,,N,(S),(C),N,(C),(C),,,N,Unsigned,Unsigned,Unsigned,Signed
Mark,Green,TN,TN07,Up for re-election in 2024,Rep. ,,R,Y,,Y,,,,Y,,,,Y(C),,,Y,,,,,Y,Unsigned,Unsigned,Unsigned,Unsigned
Marjorie,Greene,GA,GA14,Up for re-election in 2024,Rep. ,,R,Y,,N,,,,Y,,,,N,,,Y,,,,,N,Unsigned,Unsigned,Unsigned,Unsigned
Morgan,Griffith,VA,VA09,Up for re-election in 2024,Rep. ,,R,Y,,Y,,,,Y,,,,Y,,,Y,,,,,Y,Unsigned,Unsigned,Unsigned,Unsigned
Raul,Grijalva,AZ,AZ07,Up for re-election in 2024,Rep. ,,D,Not voting,,Y,(C),,,N,(C),(C),,N,,(C) ,N,(C),,(C),(C),Not Voting,Signed,Unsigned,Unsigned,Unsigned
Glenn,Grothman,WI,WI06,Up for re-election in 2024,Rep. ,,R,Y,,Y,,,,Y,,,,Y,,,Y,,,,,Y,Unsigned,Unsigned,Unsigned,Unsigned
Michael,Guest,MS,MS03,Up for re-election in 2024,Rep. ,,R,Y,,Y,,,,Y,,,,Y(C),,,Y,,,,,Y,Unsigned,Unsigned,Unsigned,Unsigned
Brett,Guthrie,KY,KY02,Up for re-election in 2024,Rep. ,,R,Y,,Y,,,,Y,,,,Y(C),,,Y,,,,,Y,Unsigned,Unsigned,Unsigned,Unsigned
Harriet,Hageman,WY,WY01,Up for re-election in 2024,Rep. ,,R,Y,,N,,,,Y,,,,Y,,,Y,,,,,Y,Unsigned,Unsigned,Unsigned,Unsigned
Josh,Harder,CA,CA09,Up for re-election in 2024,Rep. ,,D,Y,,Y,,,,N,,,,N,,,N,,,,,Y,Unsigned,Unsigned,Unsigned,Signed
Andrew,Harris,MD,MD01,Up for re-election in 2024,Rep. ,Andy,R,Y,,Y,,,,Y,,,,Y(C),,,Y,,,,,N,Unsigned,Unsigned,Unsigned,Unsigned
Diana,Harshbarger,TN,TN01,Up for re-election in 2024,Rep. ,,R,Y,,Y,,,,Y,,,,Y,,,Y,,,,,Y,Unsigned,Unsigned,Unsigned,Unsigned
Jahana,Hayes,CT,CT05,Up for re-election in 2024,Rep. ,,D,Y,,Y,,,,N,,,,N,,(C),N,,,,,Y,Unsigned,Unsigned,Unsigned,Signed
Kevin,Hern,OK,OK01,Up for re-election in 2024,Rep. ,,R,Y,,Y,,,,Y,,,,Y(C),,,Y,,,,,Y,Unsigned,Unsigned,Unsigned,Unsigned
Clay,Higgins,LA,LA03,Up for re-election in 2024,Rep. ,,R,Not voting,,N,,,,Y,,,,Y,,,Y,,,,,Y,Unsigned,Unsigned,Unsigned,Unsigned
James,Hill,AR,AR02,Up for re-election in 2024,Rep. ,French,R,Y,,Y,,,,Y,,,,Y,,,Y,,,,,Y,Unsigned,Unsigned,Unsigned,Unsigned
James,Himes,CT,CT04,Up for re-election in 2024,Rep. ,Jim,D,Not voting,,Y,,,,N,,,,N,,(C),N,,,,(C),Y,Unsigned,Unsigned,Unsigned,Signed
Ashley,Hinson,IA,IA02,Up for re-election in 2024,Rep. ,,R,Y,,Y,,,,Y,,,,Y(C),,,Y,,,,,Y,Unsigned,Unsigned,Unsigned,Unsigned
Steven,Horsford,NV,NV04,Up for re-election in 2024,Rep. ,,D,Y,,Y,,,,N,,,,N,,,N,,,,,Y,Unsigned,Unsigned,Unsigned,Signed
Erin,Houchin,IN,IN09,Up for re-election in 2024,Rep. ,,R,Y,,Y,,,,Y,,,,Y(C),,,Y,,,,,Y,Unsigned,Unsigned,Unsigned,Unsigned
Christina,Houlahan,PA,PA06,Up for re-election in 2024,Rep. ,Chrissy,D,Y,,Y,,(C),,N,,,,N,,,N,,,,,Y,Unsigned,Unsigned,Unsigned,Signed
Steny,Hoyer,MD,MD05,Up for re-election in 2024,Rep. ,,D,Y,(C),Y,,,,N,,,,N,,,N,,,,,Y,Unsigned,Unsigned,Unsigned,Signed
Val,Hoyle,OR,OR04,Up for re-election in 2024,Rep. ,,D,Y,,N,,,,N,,,,N,,,N,,,,,Y,Signed,Unsigned,Unsigned,Signed
Richard,Hudson,NC,NC09,Up for re-election in 2024,Rep. ,,R,Not voting,,Y,,,,Y,,,,Y(C),,,Y,,,,,Y,Unsigned,Unsigned,Unsigned,Unsigned
Jared,Huffman,CA,CA02,Up for re-election in 2024,Rep. ,,D,Not voting,,Y,,,,N,,,,N,,,N,,,(C),,Y,Signed,Unsigned,Unsigned,Signed
William,Huizenga,MI,MI04,Up for re-election in 2024,Rep. ,Bill,R,Y,,Y,,,,Y,,,,Y,,,Y,,,,,Y,Unsigned,Unsigned,Unsigned,Unsigned
Wesley,Hunt,TX,TX38,Up for re-election in 2024,Rep. ,,R,Not voting,,N,,,,Y,,,,Y(C),,,,,,,,Not Voting,Unsigned,Unsigned,Unsigned,Unsigned
Darrell,Issa,CA,CA48,Up for re-election in 2024,Rep. ,,R,Y,,Y,,,,Y(C),,,,Y(C),,,Y,,,,,Y,Unsigned,Unsigned,Unsigned,Unsigned
Glenn,Ivey,MD,MD04,Up for re-election in 2024,Rep. ,,D,Y,,Y,,,,N,,,,N,,,N,,,,,Y,Unsigned,Unsigned,Unsigned,Signed
Ronny,Jackson,TX,TX13,Up for re-election in 2024,Rep. ,,R,Y,,Y,,,,Y,(C),,,Y(C),,,Y,,,,,Y,Unsigned,Unsigned,Unsigned,Unsigned
Jeff,Jackson,NC,NC14,Running for North Carolina Attorney General,Rep. ,,D,Y,,Y,,(C),,N,,,,N,,,N,,,,,Y,Unsigned,Unsigned,Unsigned,Signed
Jonathan,Jackson,IL,IL01,Up for re-election in 2024,Rep. ,,D,Y,,N,,,(C),N,,,,N,,,N,,(C),,,N,Unsigned,Unsigned,Unsigned,Signed
Sheila,Jackson Lee,TX,TX18,Up for re-election in 2024,Rep. ,,D,Not voting,,Y,(C),,,Not voting,,,,Not voting,,,N,,,(C),,Y,Unsigned,Unsigned,Unsigned,Signed
Sara,Jacobs,CA,CA51,Up for re-election in 2024,Rep. ,,D,Y,,N,(C),,,N,(C),,(C),N,,,N,,,,,Y,Signed,Unsigned,Unsigned,Signed
John,James,MI,MI10,Up for re-election in 2024,Rep. ,,R,Y,,Y,,(C),,Y,,,,Y,,,Y,,,,,Y,Unsigned,Unsigned,Unsigned,Unsigned
Pramila,Jayapal,WA,WA07,Up for re-election in 2024,Rep. ,,D,Y,,N,(S),(C),(C),N,(C),,(C),N,,(C),N,,,(C),,N,Signed,Unsigned,Unsigned,Unsigned
Hakeem,Jeffries,NY,NY08,Up for re-election in 2024,Minority Leader Rep. ,,D,Y,,Y,,,,N,,,,N,,,N,,,,,Y,Unsigned,Unsigned,Unsigned,Signed
Henry,Johnson,GA,GA04,Up for re-election in 2024,Rep. ,Hank,D,Y,,N,(C),,(C),N,(C),(C),,N,,(C),N,(C),,(C),(C),N,Signed,Unsigned,Unsigned,Signed
Mike,Johnson,LA,LA04,Up for re-election in 2024,Speaker of the House Rep. ,,R,,,Y,,,,,,,,Y,,,Y,,,,,Y,Unsigned,Unsigned,Unsigned,Unsigned
Dustin,Johnson,SD,SD01,Up for re-election in 2024,Rep. ,Dusty,R,Y,,Y,,,,Y(C),,,,Y(C),,,Y,,,,,Y,Unsigned,Unsigned,Unsigned,Unsigned
James,Jordan,OH,OH04,Up for re-election in 2024,Rep. ,Jim,R,Y,,Y,,,,Y,,,,Y,,,Y,,,,,Y,Unsigned,Unsigned,Unsigned,Unsigned
David,Joyce,OH,OH14,Up for re-election in 2024,Rep. ,Dave,R,Y,,Y,,,,,,,,Not voting(C),,,P,,,,,Y,Unsigned,Unsigned,Unsigned,Unsigned
John,Joyce,PA,PA13,Up for re-election in 2024,Rep. ,,R,Y,,Y,,,,Y,,,,Y,,,T,,,,,Y,Unsigned,Unsigned,Unsigned,Unsigned
Sydney,Kamlager-Dove,CA,CA37,Up for re-election in 2024,Rep. ,,D,Not voting,,Y,,,,N,,,,N,,(C),N,,(C),(C),,Y,Signed,Unsigned,Unsigned,Signed
Marcy,Kaptur,OH,OH09,Up for re-election in 2024,Rep. ,,D,Y,,Y,,,,N,,,,N,,,N,,,,,Y,Signed,Unsigned,Unsigned,Signed
Thomas,Kean,NJ,NJ07,Up for re-election in 2024,Rep. ,Tom,R,Y,(C),Y,,,,Y,,,,Y(C),,,Y,,,,,Y,Unsigned,Unsigned,Unsigned,Unsigned
William,Keating,MA,MA09,Up for re-election in 2024,Rep. ,Bill,D,Not voting,,Y,,,,N,,,,N,,,N,,,,,Y,Unsigned,Unsigned,Unsigned,Signed
Robin,Kelly,IL,IL02,Up for re-election in 2024,Rep. ,,D,Y,,N,,,,N,,,,N,,,N,,,,,Y,Unsigned,Unsigned,Unsigned,Signed
George,Kelly,PA,PA16,Up for re-election in 2024,Rep. ,Mike,R,Y,,Y,,,,Y,,,,Y(C),,,Y,,,,,Y,Unsigned,Unsigned,Unsigned,Unsigned
Trent,Kelly,MS,MS01,Up for re-election in 2024,Rep. ,,R,Y,,Y,,,,Y,,,,Y,,,Y,,,,,Y,Unsigned,Unsigned,Unsigned,Unsigned
Rohit,Khanna,CA,CA17,Up for re-election in 2024,Rep. ,Ro,D,Y,,N,(C),,,N,(C),(C),,N,,(C),N,,,(C),,N,Unsigned,Unsigned,Unsigned,Unsigned
Jennifer,Kiggans,VA,VA02,Up for re-election in 2024,Rep. ,Jen,R,Y,,Y,,,,Not voting,,,,Y,,,Y,,,,,Y,Unsigned,Unsigned,Unsigned,Unsigned
Daniel,Kildee,MI,MI08,Retiring at the end of current term,Rep. ,Dan,D,Y,,Y,,,,N,,,,N,,(C),N,(C),,,,N,Signed,Unsigned,Unsigned,Signed
Kevin,Kiley,CA,CA03,Up for re-election in 2024,Rep. ,,R,Y,,Y,,,,Y,,,,Y,,,Y,,,,,Y,Unsigned,Unsigned,Unsigned,Unsigned
Derek,Kilmer,WA,WA06,Retiring at the end of current term,Rep. ,,D,Y,(C),Y,(C),,,N,,,,N,,,N,,,,,Y,Unsigned,Unsigned,Unsigned,Signed
Andrew,Kim,NJ,NJ03,Running for Senate in 2024,Rep. ,Andy,D,Y,,N,,,,N,,,,Y,,,N,,,,,Y,Unsigned,Unsigned,Unsigned,Signed
Young,Kim,CA,CA40,Up for re-election in 2024,Rep. ,,R,Y,,Y,,,,Y,,,,N,,,Y,,,,,Y,Unsigned,Unsigned,Unsigned,Unsigned
Raja,Krishnamoorthi,IL,IL08,Up for re-election in 2024,Rep. ,,D,Y,,Y,(C),,,N,,(C),,N,,,N,(C),,,(C),Y,Unsigned,Unsigned,Unsigned,Signed
Ann,Kuster,NH,NH02,Up for re-election in 2024,Rep. ,Annie,D,Y,,Y,,,,N,,,,N,,,N,,,,,Y,Unsigned,Unsigned,Unsigned,Signed
David,Kustoff,TN,TN08,Up for re-election in 2024,Rep. ,,R,Y,,Y,,,,Y,,,,Y(C),,,Y,,,,,Y,Unsigned,Unsigned,Unsigned,Unsigned
Darin,LaHood,IL,IL16,Up for re-election in 2024,Rep. ,,R,Y,,Y,,,,Y,,,,Y,,,Y,,,,,Y,Unsigned,Unsigned,Unsigned,Unsigned
Nick,Lalota,NY,NY01,Up for re-election in 2024,Rep. ,,R,Y,(C),Y,,,,Y,,,,Y,,,Y,,,,,Y,Unsigned,Unsigned,Unsigned,Unsigned
Douglas,LaMalfa,CA,CA01,Up for re-election in 2024,Rep. ,Doug,R,Y,,Y,,,,Y,,,,Y(C),,,Y,,,,,Y,Unsigned,Unsigned,Unsigned,Unsigned
Douglas,Lamborn,CO,CO05,Retiring at end of current term,Rep. ,Doug,R,Y,,Y,,,,Y,,,,Y(C),,,Y,,,,,Y,Unsigned,Unsigned,Unsigned,Unsigned
Greg,Landsman,OH,OH01,Up for re-election in 2024,Rep. ,,D,Y,,Y,,,,Y,,,,Y,,,N,,,,,Y,Unsigned,Unsigned,Unsigned,Signed
Nicholas,Langworthy,NY,NY23,Up for re-election in 2024,Rep. ,Nick,R,Y,,Y,,,,Y(C),,,,Y(C),,,Y,,,,,Y,Unsigned,Unsigned,Unsigned,Unsigned
Rick,Larsen,WA,WA02,Up for re-election in 2024,Rep. ,,D,Y,,Y,,,,Not voting,,,,N,,,N,,,,,Y,Unsigned,Unsigned,Unsigned,Signed
John,Larson,CT,CT01,Up for re-election in 2024,Rep. ,,D,Y,,Y,,,,N,(C),,,N,,(C),Y,,,,,Y,Unsigned,Unsigned,Unsigned,Signed
Robert,Latta,OH,OH05,Up for re-election in 2024,Rep. ,Bob,R,Y,,Y,,,,Y,,,,Y,,,Y,,,,,Y,Unsigned,Unsigned,Unsigned,Unsigned
Jacob,Laturner,KS,KS02,Up for re-election in 2024,Rep. ,Jake,R,Y,,Y,,,,Y,,,,Y(C),,,Y,,,,,Y,Unsigned,Unsigned,Unsigned,Unsigned
Michael,Lawler,NY,NY17,Up for re-election in 2024,Rep. ,Mike,R,Y,(C),Y,,(C),,Y,,,,Y,,,Y,,,,,Y,Unsigned,Unsigned,Unsigned,Unsigned
Barbara,Lee,CA,CA12,Running for Senate in 2024,Rep. ,,D,Y,,N,(C),,(C),N,,(C),,N,,(C),N,(C),(C),(C),,N,Signed,Unsigned,Signed,Unsigned
Susie,Lee,NV,NV03,Up for re-election in 2024,Rep. ,,D,Y,,Y,,,,Y,,,,N,,,N,,,,,Y,Unsigned,Unsigned,Unsigned,Signed
Laurel,Lee,FL,FL15,Up for re-election in 2024,Rep. ,,R,Y,,Y,,,,Y,,,,Y,,,Y,,,,N,Y,Unsigned,Unsigned,Unsigned,Unsigned
Summer,Lee,PA,PA12,Up for re-election in 2024,Rep. ,,D,Y,,N,(C),,(C),N,(C),,,N,,,N,,(C),,,N,Signed,Unsigned,Unsigned,Unsigned
Teresa,Leger Fernandez,NM,NM03,Up for re-election in 2024,Rep. ,,D,Y,(C),N,(C),,,N,,,,N,,,N,,,(C),,Y,Unsigned,Unsigned,Unsigned,Signed
Debbie,Lesko,AZ,AZ08,Running for county board of supervisors,Rep. ,,R,Y,,Y,,,,Y,,,,Not Voting (C),,,Y,,,,,Y,Unsigned,Unsigned,Unsigned,Unsigned
Julia,Letlow,LA,LA05,Up for re-election in 2024,Rep. ,,R,Not voting,,Y,,,,Y,,,,Y(C),,,Y,,,,,Y,Unsigned,Unsigned,Unsigned,Unsigned
Michael,Levin,CA,CA49,Up for re-election in 2024,Rep. ,Mike,D,Y,,Y,,,,N,,,,N,,,N,,,,,Y,Unsigned,Unsigned,Unsigned,Signed
Ted,Lieu,CA,CA36,Up for re-election in 2024,Rep. ,,D,Y,(C),Y,(C),,,N,,,,N,,,N,,,(C),N,Y,Unsigned,Unsigned,Unsigned,Signed
Susan,Lofgren,CA,CA18,Up for re-election in 2024,Rep. ,Zoe,D,Y,,N,(C),(C),,N,,,(C),N,,,N,,,(C),N,Y,Signed,Unsigned,Unsigned,Signed
Barry,Loudermilk,GA,GA11,Up for re-election in 2024,Rep. ,,R,Y,,Y,,,,Y,,,,Y(C),,,Y,,,,,Y,Unsigned,Unsigned,Unsigned,Unsigned
Frank,Lucas,OK,OK03,Up for re-election in 2024,Rep. ,,R,Y,,Y,,,,Y,,,,Y,,,Y,,,,,Y,Unsigned,Unsigned,Unsigned,Unsigned
Blaine,Luetkemeyer,MO,MO03,Retiring at end of current term,Rep. ,,R,Not voting,,Y,,,,Y,,,,Y,,,Y,,,,,Not Voting,Unsigned,Unsigned,Unsigned,Unsigned
Anna,Luna,FL,FL13,Up for re-election in 2024,Rep. ,,R,Y,,N,,,,Y,,,,Y,,,Y,,,,,Y,Unsigned,Unsigned,Unsigned,Unsigned
Morgan,Luttrell,TX,TX08,Up for re-election in 2024,Rep. ,,R,Y,,Y,,,,Y,,,,Y(C),,,Y,,,,,Y,Unsigned,Unsigned,Unsigned,Unsigned
Stephen,Lynch,MA,MA08,Up for re-election in 2024,Rep. ,,D,Y,,Y,,,,N,,,,N,,(C),N,(C),,,,Y,Unsigned,Unsigned,Unsigned,Signed
Nancy,Mace,SC,SC01,Up for re-election in 2024,Rep. ,,R,Y,,Y,,(C),,Y,,,,Y,,(C),Y,,,,,Y,Unsigned,Unsigned,Unsigned,Unsigned
Seth,Magaziner,RI,RI02,Up for re-election in 2024,Rep. ,,D,Y,,Y,,,,N,,,,N,,,N,,,,,Y,Unsigned,Unsigned,Unsigned,Signed
Nicole,Malliotakis,NY,NY11,Up for re-election in 2024,Rep. ,,R,Y,(C),Y,,,,Y,,,,Y(C),,,Y,,,,,Y,Unsigned,Unsigned,Unsigned,Unsigned
Celeste,Maloy,UT,UT02,Up for re-election in 2024,Rep. ,,R,Y,,Y,,,,,,,,,,,,,,,,Y,Unsigned,Unsigned,Unsigned,Unsigned
Tracey,Mann,KS,KS01,Up for re-election in 2024,Rep. ,,R,Y,,Y,,,,Y,,,,Y,,,Y,,,,,Y,Unsigned,Unsigned,Unsigned,Unsigned
Kathy,Manning,NC,NC06,Retiring at end of current term,Rep. ,,D,Y,,Y,,,,Y,,,,N,,,N,,,,,Y,Unsigned,Unsigned,Unsigned,Signed
Thomas,Massie,KY,KY04,Up for re-election in 2024,Rep. ,,R,N,,N,,,,N,,,(C),N,,,Y,,,,N,N,Unsigned,Unsigned,Unsigned,Unsigned
Brian,Mast,FL,FL21,Up for re-election in 2024,Rep. ,,R,Not voting,,Y,,,,Y,,,,Y,,,Y,,,,,Y,Unsigned,Unsigned,Unsigned,Unsigned
Doris,Matsui,CA,CA07,Up for re-election in 2024,Rep. ,,D,Y,,Y,,,,N,,,,N,,,N,,,,,Y,Unsigned,Unsigned,Unsigned,Signed
Lucia,McBath,GA,GA07,Up for re-election in 2024,Rep. ,Lucy,D,Y,,Y,,,,N,,,,N,,,N,,,,N,Y,Unsigned,Unsigned,Signed,Unsigned
Michael,McCaul,TX,TX10,Up for re-election in 2024,Rep. ,,R,Not voting,,Y,,,,Y,,,,Y,,,Y,,,,,Y,Unsigned,Unsigned,Unsigned,Unsigned
Lisa,McClain,MI,MI09,Up for re-election in 2024,Rep. ,,R,Y,,Y,,,,Y,,,,Y(C),,,Y,,,,,Y,Unsigned,Unsigned,Unsigned,Unsigned
Jennifer,McClellan,VA,VA04,Up for re-election in 2024,Rep. ,Jenn,D,Y,,N,,,,N,(C),,,N,,,,,,,,Y,Unsigned,Unsigned,Unsigned,Signed
Thomas,McClintock,CA,CA05,Up for re-election in 2024,Rep. ,Tom,R,Y,,Y,,,,N,,,,Y(C),,,Y,,,,N,Y,Unsigned,Unsigned,Unsigned,Unsigned
Betty,McCollum,MN,MN04,Up for re-election in 2024,Rep. ,,D,Y,,N,,,,N,(C),,,N,,,N,,,,,Y,Signed,Unsigned,Unsigned,Signed
Richard,McCormick,GA,GA06,Up for re-election in 2024,Rep. ,Rich,R,Y,,Y,,,,Y(S),,,,Y,,,Y,,,,,Y,Unsigned,Unsigned,Unsigned,Unsigned
Morgan,McGarvey,KY,KY03,Up for re-election in 2024,Rep. ,,D,Y,,N,,,,N,,,,N,,,N,,,,,Y,Unsigned,Unsigned,Unsigned,Signed
James,McGovern,MA,MA02,Up for re-election in 2024,Rep. ,Jim,D,Y,,N,(C),(C),,N,(C),,,N,,,N,,,(C),Y,N,Signed,Unsigned,Unsigned,Signed
Patrick,McHenry,NC,NC10,Retiring at the end of current term,Rep. ,Pat,R,Y,,Y,,,,Y,,,,Y,,,Y,,,,,Y,Unsigned,Unsigned,Unsigned,Unsigned
Cathy,McMorris Rodgers,WA,WA05,Up for re-election in 2024,Rep. ,,R,,,Y,,,,Y,,,,(C),,,,,,,,Y,Unsigned,Unsigned,Unsigned,Unsigned
Gregory,Meeks,NY,NY05,Up for re-election in 2024,Rep. ,,D,Y,,Y,,,,N,,,,N,,,N,,,,,Y,Unsigned,Unsigned,Unsigned,Signed
Robert,Menendez,NJ,NJ08,Up for re-election in 2024,Rep. ,Rob,D,Y,,Y,,,,N,,,,N,,,N,,,,Y,Y,Unsigned,Unsigned,Unsigned,Signed
Grace,Meng,NY,NY06,Up for re-election in 2024,Rep. ,,D,Not voting,(C),Y,(C),,,N,,,,N,,,N,(C),,(C),,Y,Unsigned,Unsigned,Unsigned,Signed
Daniel,Meuser,PA,PA09,Up for re-election in 2024,Rep. ,Dan,R,Y,,Y,,,,Y,,,,Y,,,Y,,,,,Y,Unsigned,Unsigned,Unsigned,Unsigned
Kweisi,Mfume,MD,MD07,Up for re-election in 2024,Rep. ,,D,Y,,Y,,,,N,,,,N,,,N,,,,,Y,Unsigned,Unsigned,Unsigned,Signed
Carol,Miller,WV,WV01,Up for re-election in 2024,Rep. ,,R,Y,,Y,,,,Y,,,,Y,,,Y,,,,,Y,Unsigned,Unsigned,Unsigned,Unsigned
Mary,Miller,IL,IL15,Up for re-election in 2024,Rep. ,,R,Y,,Y,,,,Y,,,,Y,,,Y,,,,,Y,Unsigned,Unsigned,Unsigned,Unsigned
Max,Miller,OH,OH07,Up for re-election in 2024,Rep. ,,R,Y,(C),Y,,,,Y(C),,,,Y,,,Y(S),,,,,Y,Unsigned,Unsigned,Unsigned,Unsigned
Mariannette,Miller-Meeks,IA,IA01,Up for re-election in 2024,Rep. ,,R,Y,,Y,,(S),,Y(C),,,,Y(C),,,Y,,,,,Y,Unsigned,Unsigned,Unsigned,Unsigned
Cory,Mills,FL,FL07,Up for re-election in 2024,Rep. ,,R,Y,,Y,,,,Y,,,,Y(C),,,Y,,,,,N,Unsigned,Unsigned,Unsigned,Unsigned
Marcus,Molinaro,NY,NY19,Up for re-election in 2024,Rep. ,Marc,R,Y,(C),Y,,,,Y,,,,Y,,,Y,,,,,Y,Unsigned,Unsigned,Unsigned,Unsigned
John,Moolenaar,MI,MI02,Up for re-election in 2024,Rep. ,,R,Y,,Y,,,,Y,,,,Y(C),,,Y,,,,,Y,Unsigned,Unsigned,Unsigned,Unsigned
Alexander,Mooney,WV,WV02,Running for Senate in 2024,Rep. ,Alex,R,Y,,Y,,,,Y,,,,Y(C),,,Y,,,,,Not Voting,Unsigned,Unsigned,Unsigned,Unsigned
Gwendolynne,Moore,WI,WI04,Up for re-election in 2024,Rep. ,Gwen,D,Not voting,,N,(C),,,N,,,,N,,(C),N,(C),,(C),,Y,Signed,Unsigned,Unsigned,Signed
Felix,Moore,AL,AL02,Up for re-election in 2024,Rep. ,Barry,R,Y,,Y,,,,Y,,,,Y(C),,,Y,,,,N,Y,Unsigned,Unsigned,Unsigned,Unsigned
Blake,Moore,UT,UT01,Up for re-election in 2024,Rep. ,,R,Y,,Y,,(C),,Y,,,,Y,,,Y,,,,,Y,Unsigned,Unsigned,Unsigned,Unsigned
Nathaniel,Moran,TX,TX01,Up for re-election in 2024,Rep. ,,R,Y,,Y,,,,Y,,,,Y(C),,,Y,,,,N,Y,Unsigned,Unsigned,Unsigned,Unsigned
Joseph,Morelle,NY,NY25,Up for re-election in 2024,Rep. ,,D,Y,,Y,,,,N,,,,N,,,N,,,,,Y,Unsigned,Unsigned,Unsigned,Signed
Jared,Moskowitz,FL,FL23,Up for re-election in 2024,Rep. ,,D,Y,(C),Y,,,,Y,,,,Y,,,N,,,,,Y,Unsigned,Unsigned,Unsigned,Signed
Seth,Moulton,MA,MA06,Up for re-election in 2024,Rep. ,,D,Y,(C),Y,,(C),,N,,,,N,,,N,,,,,Y,Unsigned,Unsigned,Unsigned,Signed
James,Moylan,GU,GU01,Up for re-election in 2024,Rep. ,Jim,R,Y,,Y,,,,,,,,,,,,,,,,,Unsigned,Unsigned,Unsigned,Unsigned
Frank,Mrvan,IN,IN01,Up for re-election in 2024,Rep. ,,D,Y,,Y,,,,N,,,,N,,,N,,,,,Y,Unsigned,Unsigned,Unsigned,Signed
Kevin,Mullin,CA,CA15,Up for re-election in 2024,Rep. ,,D,Y,,Y,,,,N,(C),(C),,N,,(C),N,,,,,Y,Unsigned,Unsigned,Unsigned,Signed
Gregory,Murphy,NC,NC03,Up for re-election in 2024,Rep. ,Greg,R,Y,,Y,,,,Y,,,,Y,,,Y,,,,,Y,Unsigned,Unsigned,Unsigned,Unsigned
Jerrold,Nadler,NY,NY12,Up for re-election in 2024,Rep. ,,D,Y,(C),N,(C),(C),,N,,,(C),N,,,N,,,(C),N,Y,Unsigned,Unsigned,Unsigned,Signed
Grace,Napolitano,CA,CA31,Retiring at end of current term,Rep. ,,D,Not voting,,Y,(C),,,N,,,,Not voting,,,N,,,(C),,Y,Unsigned,Unsigned,Unsigned,Signed
Richard,Neal,MA,MA01,Up for re-election in 2024,Rep. ,,D,Y,,Y,,,,N,,,,N,,,N,,,,,Y,Unsigned,Unsigned,Unsigned,Signed
A,Neguse,CO,CO02,Up for re-election in 2024,Rep. ,Joe,D,Y,,Y,,,,N,,,,N,,,N,,,(C),N,Y,Unsigned,Unsigned,Unsigned,Signed
Troy,Nehls,TX,TX22,Up for re-election in 2024,Rep. ,,R,Y,,Y,,,,Y(C),,,,Y,,,Y,,,,N,N,Unsigned,Unsigned,Unsigned,Unsigned
Daniel,Newhouse,WA,WA04,Up for re-election in 2024,Rep. ,Dan,R,Y,,Y,,,,Y,,,,Not voting (C),,,Y,,,,,Y,Unsigned,Unsigned,Unsigned,Unsigned
George,Nickel,NC,NC13,Retiring at end of current term,Rep. ,Wiley,D,Y,,Y,,,,Y,,,,N,,,N,,,,,Y,Unsigned,Unsigned,Unsigned,Signed
Donald,Norcross,NJ,NJ01,Up for re-election in 2024,Rep. ,,D,Y,,Y,,,,,,,,N,,,N,,,,,Y,Unsigned,Unsigned,Unsigned,Signed
Ralph,Norman,SC,SC05,Up for re-election in 2024,Rep. ,,R,Y,,N,,,,Y,,,,Y,,,Y,,,,,N,Unsigned,Unsigned,Unsigned,Unsigned
Eleanor,Norton,DC,DC01,Up for re-election in 2024,Rep. ,,D,Y,,Y,(C),,,,,(C),,,,(C),,(C),,,N,Y,Signed,Unsigned,Signed,Unsigned
Zach,Nunn,IA,IA03,Up for re-election in 2024,Rep. ,,R,Y,,Y,,(C),,Y,,,,Y©,,,Y,,,,,Y,Unsigned,Unsigned,Unsigned,Unsigned
Jay,Obernolte,CA,CA23,Up for re-election in 2024,Rep. ,,R,Y,,Y,,(C),,Y,,,,Y,,,Y,,,,,Y,Unsigned,Unsigned,Unsigned,Unsigned
Alexandria,Ocasio-Cortez,NY,NY14,Up for re-election in 2024,Rep. ,,D,N,,N,,,(C),N,,(C),,N,,(C),N,(C),,(C),N,N,Signed,Unsigned,Unsigned,Unsigned
Andrew,Ogles,TN,TN05,Up for re-election in 2024,Rep. ,Andy,R,Not voting,,Y,,,,Y,,,,Y(C),,,Y,,,,,Y,Unsigned,Unsigned,Unsigned,Unsigned
Ilhan,Omar,MN,MN05,Up for re-election in 2024,Rep. ,,D,N,,N,,,(C),N,(S),(C),,N,(C),(C),N,(C),(C),(C),N,N,Unsigned,Signed,Signed,Unsigned
Burgess,Owens,UT,UT04,Up for re-election in 2024,Rep. ,,R,Y,,Y,,,,Y,,,,Y,,,Y,,,,,Y,Unsigned,Unsigned,Unsigned,Unsigned
Frank,Pallone,NJ,NJ06,Up for re-election in 2024,Rep. ,,D,Y,,Y,,,,N,,,,N,,,N,,,,,Y,Unsigned,Unsigned,Unsigned,Signed
Gary,Palmer,AL,AL06,Up for re-election in 2024,Republican Policy Committee Chairman Rep. ,,R,Y,,Y,,,,Y,,,,Y,,,Y,,,,,Y,Unsigned,Unsigned,Unsigned,Unsigned
Jimmy,Panetta,CA,CA19,Up for re-election in 2024,Rep. ,,D,Y,(C),Y,,,,N,,,,N,,,N,,,(C),Y,Y,Unsigned,Unsigned,Signed,Unsigned
Christopher,Pappas,NH,NH01,Up for re-election in 2024,Rep. ,Chris,D,Y,,Y,,,,Y,,,,N,,,N,,,,,Y,Unsigned,Unsigned,Unsigned,Signed
William,Pascrell,NJ,NJ09,Up for re-election in 2024,Rep. ,Bill,D,Y,,Y,,,,N,(C),(C),,N,,(C),N,(C),,,,Y,Unsigned,Unsigned,Unsigned,Signed
Donald,Payne,NJ,NJ10,Up for re-election in 2024,Rep. ,,D,Not voting,,Y,(C),,,N,,,,N,,,N,,,(C),,Not Voting,Unsigned,Unsigned,Unsigned,Unsigned
Nancy,Pelosi,CA,CA11,Up for re-election in 2024,Rep. ,,D,Y,,Y,,,,N,,,,N,,,N,,,,,Y,Unsigned,Unsigned,Unsigned,Signed
Mary,Peltola,AK,AK01,Up for re-election in 2024,Rep. ,,D,Y,,Y,,,,N,,,,N,,,N,,,,,Y,Unsigned,Unsigned,Unsigned,Signed
Gregory,Pence,IN,IN06,Retiring at end of current term,Rep. ,,R,Not voting,,Y,,,,Y,,,,Y(C),,,,,,,,Y,Unsigned,Unsigned,Unsigned,Unsigned
Scott,Perry,PA,PA10,Up for re-election in 2024,Rep. ,,R,Y,,Y,,,,Y,,,,Y,,,Y,,,,,N,Unsigned,Unsigned,Unsigned,Unsigned
Scott,Peters,CA,CA50,Up for re-election in 2024,Rep. ,,D,Y,,Y,,(C),,N,,,,N,,,N,,,,,Y,Unsigned,Unsigned,Unsigned,Signed
Brittany,Pettersen,CO,CO07,Up for re-election in 2024,Rep. ,,D,Y,,Y,,,,N,,,,N,,,N,,,(C),,Y,Unsigned,Unsigned,Unsigned,Signed
August,Pfluger,TX,TX11,Up for re-election in 2024,Rep. ,,R,Y,,Y,,,,Y,,,,Y,,,Y,,,,,Y,Unsigned,Unsigned,Unsigned,Unsigned
Dean,Phillips,MN,MN03,Running for President,Rep. ,,D,Y,,Y,,(C),,Not voting,(C),,,Not voting,,,N,,,,Y,Y,Unsigned,Unsigned,Unsigned,Signed
Chellie,Pingree,ME,ME01,Up for re-election in 2024,Rep. ,,D,Y,,N,,,,N,,,,N,,,N,,,,Y,N,Signed,Unsigned,Unsigned,Signed
Stacey,Plaskett,VI,VI01,Up for re-election in 2024,Rep. ,,D,Y,,Y,,,,,,,,,,,,,,,,,Unsigned,Unsigned,Unsigned,Unsigned
Mark,Pocan,WI,WI02,Up for re-election in 2024,Rep. ,,D,Y,,N,,,,N,(C),,,N,,,N,,,(C),,N,Signed,Unsigned,Unsigned,Unsigned
Katherine,Porter,CA,CA47,Running for Senate in 2024,Rep. ,Katie,D,Not voting,,N,(C),,,N,(C),(C),,N,,(C),N,(C),,(C),,Y,Unsigned,Unsigned,Signed,Signed
William,Posey,FL,FL08,Up for re-election in 2024,Rep. ,Bill,R,Y,,Y,,,,Y,,,,Y,,,Y,,,,,Y,Unsigned,Unsigned,Unsigned,Unsigned
Ayanna,Pressley,MA,MA07,Up for re-election in 2024,Rep. ,,D,N,,N,(C),,(C),N,(C),(C),,N,,,N,,(C),(C),,N,Signed,Signed,Unsigned,Unsigned
Michael,Quigley,IL,IL05,Up for re-election in 2024,Rep. ,Mike,D,Y,,Y,(C),,,N,,,,N,,,N,,,(C),Y,Y,Unsigned,Unsigned,Unsigned,Signed
Amata,Radewagen,AS,AS01,Up for re-election in 2024,Rep. ,,R,Y,,Y,,(C),,,,,,,,,,,,,,,Unsigned,Unsigned,Unsigned,Unsigned
Delia,Ramirez,IL,IL03,Up for re-election in 2024,Rep. ,,D,N,,N,(C),,(C),N,,(C),,N,,,N,,(C),(C),Y,N,Signed,Unsigned,Unsigned,Unsigned
Jamin,Raskin,MD,MD08,Up for re-election in 2024,Rep. ,Jamie,D,Y,,Y,(C),,,N,(C),,,N,,,N,,,,,N,Unsigned,Unsigned,Unsigned,Signed
Guy,Reschenthaler,PA,PA14,Up for re-election in 2024,Rep. ,,R,Y,,Y,,,,Y,,,,Y(C),,,Y,,,,,Y,Unsigned,Unsigned,Unsigned,Unsigned
Harold,Rogers,KY,KY05,Up for re-election in 2024,Rep. ,Hal,R,Y,,Y,,,,Y,,,,Y(C),,,Y,,,,,Y,Unsigned,Unsigned,Unsigned,Unsigned
Michael,Rogers,AL,AL03,Up for re-election in 2024,Rep. ,Mike,R,Y,,Y,,,,Y,,,,Y,,,Y,,,,,Y,Unsigned,Unsigned,Unsigned,Unsigned
John,Rose,TN,TN06,Up for re-election in 2024,Rep. ,,R,Y,,Y,,,,Y,,,,Y(C),,,Y,,,,,Y,Unsigned,Unsigned,Unsigned,Unsigned
Matthew,Rosendale,MT,MT02,Up for re-election in 2024,Rep. ,Matt,R,Y,,N,,,,Y,,,,Y,,,Y,,,,,N,Unsigned,Unsigned,Unsigned,Unsigned
Deborah,Ross,NC,NC02,Up for re-election in 2024,Rep. ,,D,Y,,Y,,,,N,,,,N,,,N,,,(C),Y,Y,Unsigned,Unsigned,Unsigned,Signed
David,Rouzer,NC,NC07,Up for re-election in 2024,Rep. ,,R,Y,,Y,,,,Y,,,,Y(C),,,Y,,,,,Y,Unsigned,Unsigned,Unsigned,Unsigned
Charles,Roy,TX,TX21,Up for re-election in 2024,Rep. ,Chip,R,Y,,N,,,,Y,,,,Y,,,Y,,,,,N,Unsigned,Unsigned,Unsigned,Unsigned
Raul,Ruiz,CA,CA25,Up for re-election in 2024,Rep. ,,D,Y,,Y,,,,N,,,,N,,,N,,,(C),,Y,Unsigned,Unsigned,Unsigned,Signed
Charles,Ruppersberger,MD,MD02,Retiring at end of current term,Rep. ,Dutch,D,Y,,Y,,,,N,(C),,,N,,,N,,,,Y,Y,Unsigned,Unsigned,Unsigned,Signed
John,Rutherford,FL,FL05,Up for re-election in 2024,Rep. ,,R,Y,,Y,,,,Y,,,,Y,,,Y,,,,,Y,Unsigned,Unsigned,Unsigned,Unsigned
Patrick,Ryan,NY,NY18,Up for re-election in 2024,Rep. ,Pat,D,Y,(C),Y,,,,Y,,,,N,,,N,,,,,Y,Unsigned,Unsigned,Unsigned,Signed
Gregorio,Sablan,MP,MP01,Up for re-election in 2024,Rep. ,,D,Y,,Y,,,,,,,,,,,,,,,,,Unsigned,Unsigned,Unsigned,Unsigned
Maria Elvira,Salazar,FL,FL27,Up for re-election in 2024,Rep. ,,R,Y,(C),Y,,(C),,Y,,,,Y(C),,,Y,,,,Y,Y,Unsigned,Unsigned,Unsigned,Unsigned
Andrea,Salinas,OR,OR06,Up for re-election in 2024,Rep. ,,D,Y,,Y,,,,N,,,,N,,,N,,,(C),,Y,Unsigned,Unsigned,Unsigned,Signed
Linda,Sanchez,CA,CA38,Up for re-election in 2024,Rep. ,,D,Y,,N,,,,N,(C),(C),,N,,,N,(C),,(C),,Y,Unsigned,Unsigned,Unsigned,Signed
John,Sarbanes,MD,MD03,Retiring at the end of current term,Rep. ,,D,Y,,Y,,,,N,,,,N,,,N,,,,,Y,Unsigned,Unsigned,Unsigned,Signed
Stephen,Scalise,LA,LA01,Up for re-election in 2024,Majority Leader Rep. ,Steve,R,Y,,Y,,,,Y,,,,Y(C),,,Y,,,,,Y,Unsigned,Unsigned,Unsigned,Unsigned
Mary,Scanlon,PA,PA05,Up for re-election in 2024,Rep. ,,D,Y,,N,(C),,,N,,,,Not voting,,,N,,,(C),,Y,Signed,Unsigned,Unsigned,Signed
Janice,Schakowsky,IL,IL09,Up for re-election in 2024,Rep. ,,D,N,,N,(C),,,N,(C),(C),,N,,(C),N,,,(C),,Y,Signed,Unsigned,Unsigned,Signed
Adam,Schiff,CA,CA30,Running for Senate in 2024,Rep. ,,D,Y,,Y,(C),,,N,,,,N,,(C),N,,,(C),,Y,Unsigned,Unsigned,Unsigned,Signed
Bradley,Schneider,IL,IL10,Up for re-election in 2024,Rep. ,,D,Y,(C),Y,,,,Y,,,,N,,,N,,,,,Y,Unsigned,Unsigned,Unsigned,Signed
Hillary,Scholten,MI,MI03,Up for re-election in 2024,Rep. ,,D,Y,,Y,,,,N,,,,N,,,N,,,,,Y,Unsigned,Unsigned,Unsigned,Signed
Kim,Schrier,WA,WA08,Up for re-election in 2024,Rep. ,,D,Y,,Y,,,,Y,,,,N,,,N,,,,,Y,Unsigned,Unsigned,Unsigned,Signed
David,Schweikert,AZ,AZ01,Up for re-election in 2024,Rep. ,,R,Y,,Y,,(C),,Y,,,,Y,,,Y,,,,,Y,Unsigned,Unsigned,Unsigned,Unsigned
David,Scott,GA,GA13,Up for re-election in 2024,Rep. ,,D,Y,,Y,,,,N,,,,N,,,N,,,,,Y,Unsigned,Unsigned,Unsigned,Signed
Austin,Scott,GA,GA08,Up for re-election in 2024,Rep. ,,R,Y,,Y,,,,Y,,,,Y(C),,,Y,,,,,Y,Unsigned,Unsigned,Unsigned,Unsigned
Robert,Scott,VA,VA03,Up for re-election in 2024,Rep. ,Bobby,D,Y,,N,,,,N,,,,N,,,N,,,,,Y,Unsigned,Unsigned,Unsigned,Signed
Keith,Self,TX,TX03,Up for re-election in 2024,Rep. ,,R,Y,,Y,,,,Y,,,,Y,,,Y,,,,,Y,Unsigned,Unsigned,Unsigned,Unsigned
Peter,Sessions,TX,TX17,Up for re-election in 2024,Rep. ,Pete,R,Y,,Y,,,,Y,,,,Not voting(C),,,Y,,,,,Y,Unsigned,Unsigned,Unsigned,Unsigned
Terrycina,Sewell,AL,AL07,Up for re-election in 2024,Rep. ,Terri,D,Y,,Y,,,,N,,,,N,,(C),N,,,(C),,Y,Unsigned,Unsigned,Unsigned,Signed
Bradley,Sherman,CA,CA32,Up for re-election in 2024,Rep. ,Brad,D,Y,,Y,,,,N,(C),,,N,,(C),N,,,(C),,Y,Unsigned,Unsigned,Unsigned,Signed
Rebecca,Sherrill,NJ,NJ11,Up for re-election in 2024,Rep. ,Mikie,D,Y,,Y,,(C),,N,(C),,,N,,,N,,,,,Y,Unsigned,Unsigned,Unsigned,Unsigned
Michael,Simpson,ID,ID02,Up for re-election in 2024,Rep. ,Mike,R,Y,,Y,,,,Y,,,,Y(C),,,Y,,,,,Y,Unsigned,Unsigned,Unsigned,Unsigned
Elissa,Slotkin,MI,MI07,Running for Senate in 2024,Rep. ,,D,Y,(C),Y,,,,N,,,,N,,,N,,,,,Y,Unsigned,Unsigned,Signed,Unsigned
Adrian,Smith,NE,NE03,Up for re-election in 2024,Rep. ,,R,Y,,Y,,,,Y,,,,Y(C),,,Y,,,,,Y,Unsigned,Unsigned,Unsigned,Unsigned
Jason,Smith,MO,MO08,Up for re-election in 2024,Rep. ,,R,Y,,Y,,,,Y,,,,Y,,,Y,,,,,Y,Unsigned,Unsigned,Unsigned,Unsigned
Christopher,Smith,NJ,NJ04,Up for re-election in 2024,Rep. ,Chris,R,Y,(C),Y,,,,Y,,,,Y(C),,,Y,,,,,Y,Unsigned,Unsigned,Unsigned,Unsigned
Adam,Smith,WA,WA09,Up for re-election in 2024,Rep. ,,D,Y,,Y,(C),,,N,,(C),,N,,,N,,,,,Y,Unsigned,Unsigned,Unsigned,Signed
Lloyd,Smucker,PA,PA11,Up for re-election in 2024,Rep. ,,R,Y,,Y,,(C),,Y,,,,Y,,,Y,,,,,Y,Unsigned,Unsigned,Unsigned,Unsigned
Eric,Sorensen,IL,IL17,Up for re-election in 2024,Rep. ,,D,Y,,Y,,,,N,,,,N,,,N,,,,,Y,Unsigned,Unsigned,Unsigned,Signed
Darren,Soto,FL,FL09,Up for re-election in 2024,Rep. ,,D,Y,,Y,,,,Y,,,,Y,,,N,,,(C),,Y,Unsigned,Unsigned,Unsigned,Signed
Abigail,Spanberger,VA,VA07,Running for Governor of Virginia in 2025,Rep. ,,D,Y,,Y,,(C),,,,,,N,,,N,,,,,Y,Unsigned,Unsigned,Unsigned,Signed
Victoria,Spartz,IN,IN05,Up for re-election in 2024,Rep. ,,R,Not voting,,Y,,,,Y,,,,Y,,,Y,,,,,Y,Unsigned,Unsigned,Unsigned,Unsigned
Melanie,Stansbury,NM,NM01,Up for re-election in 2024,Rep. ,,D,Y,,N,(C),,,N,,(C),,N,,,N,,,,,Y,Signed,Unsigned,Unsigned,Signed
Greg,Stanton,AZ,AZ04,Up for re-election in 2024,Rep. ,,D,Y,,Y,,(C),,N,,,,N,,,N,,,,,Y,Unsigned,Unsigned,Unsigned,Signed
Pete,Stauber,MN,MN08,Up for re-election in 2024,Rep. ,,R,Y,,Y,,,,Y,,,,Y,,,Y,,,,,Y,Unsigned,Unsigned,Unsigned,Unsigned
Michelle,Steel,CA,CA45,Up for re-election in 2024,Rep. ,,R,Y,,Y,,,,Y,,,,Y(C),,,Y,,,,,Y,Unsigned,Unsigned,Unsigned,Unsigned
Elise,Stefanik,NY,NY21,Up for re-election in 2024,Republican Caucus Chairman Rep. ,,R,Y,,Y,,,,Y,,,,Y(C),,,Y,,,,,Y,Unsigned,Unsigned,Unsigned,Unsigned
Bryan,Steil,WI,WI01,Up for re-election in 2024,Rep. ,,R,Y,,Y,,,,Y,,,,Y,,,Y,,,,,Y,Unsigned,Unsigned,Unsigned,Unsigned
William,Steube,FL,FL17,Up for re-election in 2024,Rep. ,Greg,R,Y,,Y,,,,Y,,,,Y,,,,,,,,Y,Unsigned,Unsigned,Unsigned,Unsigned
Haley,Stevens,MI,MI11,Up for re-election in 2024,Rep. ,,D,Y,(C),Y,,,,N,,,,Y,,,N,,,,,Y,Unsigned,Unsigned,Unsigned,Signed
Marilyn,Strickland,WA,WA10,Up for re-election in 2024,Rep. ,,D,Y,,Y,,,,N,,,,N,,,N,,,,,Y,Unsigned,Unsigned,Unsigned,Signed
Dale,Strong,AL,AL05,Up for re-election in 2024,Rep. ,,R,Not voting,,Y,,,,Y,,,,Y,,,Y,,,,,Y,Unsigned,Unsigned,Unsigned,Unsigned
Thomas,Suozzi,NY,NY03,Up for re-election in 2024,Rep. ,Tom,D,Y,,Y,,,,,,,,,,,,,,,,Y,Unsigned,Unsigned,Unsigned,Signed
Eric,Swalwell,CA,CA14,Up for re-election in 2024,Rep. ,,D,Not voting,,Y,(C),(C),,N,,,,N,,(C),N,,,N,N,Y,Unsigned,Unsigned,Unsigned,Signed
Emilia,Sykes,OH,OH13,Up for re-election in 2024,Rep. ,,D,Y,,Y,,,,N,,,,N,,,N,,,,,Y,Unsigned,Unsigned,Unsigned,Signed
Mark,Takano,CA,CA39,Up for re-election in 2024,Rep. ,,D,Y,,N,,,,N,,,,N,,,N,,,Y,,N,Signed,Unsigned,Unsigned,Signed
Claudia,Tenney,NY,NY24,Up for re-election in 2024,Rep. ,,R,Y,(C),Y,,,,Y,,,,Y,,,Y,,,,,Y,Unsigned,Unsigned,Unsigned,Unsigned
Shri,Thanedar,MI,MI13,Up for re-election in 2024,Rep. ,,D,Y,,Y,,,,N,,,,N,,,N,(C),(C),,,Y,Unsigned,Unsigned,Unsigned,Signed
Glenn,Thompson,PA,PA15,Up for re-election in 2024,Rep. ,G T,R,Y,,Y,,,,Y,,,,Y(C),,,Y,,,,,Y,Unsigned,Unsigned,Unsigned,Unsigned
Michael,Thompson,CA,CA04,Up for re-election in 2024,Rep. ,Mike,D,Y,,Y,,,,N,,,,N,,,N,,,Y,,Y,Unsigned,Unsigned,Unsigned,Signed
Bennie,Thompson,MS,MS02,Up for re-election in 2024,Rep. ,,D,Not voting,,N,,,,N,,,,N,,,N,,,,,N,Unsigned,Unsigned,Unsigned,Signed
Thomas,Tiffany,WI,WI07,Up for re-election in 2024,Rep. ,Tom,R,Y,,Y,,,,Y,,,,Y,,,Y,,,N,N,N,Unsigned,Unsigned,Unsigned,Unsigned
William,Timmons,SC,SC04,Up for re-election in 2024,Rep. ,,R,Y,,Y,,,,Y,,,,Y(C),,,Y,,,,,Y,Unsigned,Unsigned,Unsigned,Unsigned
Alice,Titus,NV,NV01,Up for re-election in 2024,Rep. ,Dina,D,Not voting,,Y,,(C),,N,,,,N,,,Y,,,,,Y,Unsigned,Unsigned,Unsigned,Signed
Rashida,Tlaib,MI,MI12,Up for re-election in 2024,Rep. ,,D,N,,N,(C),,(C),N,(C),(C),,N,(C),(C),N,(C),(C),Y,,N,Unsigned,Signed,Signed,Unsigned
Jill,Tokuda,HI,HI02,Up for re-election in 2024,Rep. ,,D,Y,,N,(C),,,N,,,,N,,,N,,,Y,,N,Signed,Unsigned,Unsigned,Signed
Paul,Tonko,NY,NY20,Up for re-election in 2024,Rep. ,,D,Y,,Y,,,,N,,(C),,N,,,N,,,,,Y,Signed,Unsigned,Unsigned,Signed
Norma,Torres,CA,CA35,Up for re-election in 2024,Rep. ,,D,Y,,Y,(C),,,N,,,,N,,,N,,,Y,,Y,Unsigned,Unsigned,Unsigned,Signed
Ritchie,Torres,NY,NY15,Up for re-election in 2024,Rep. ,,D,Y,(C),Y,,,,Y,,,,N,,,N,,,Y,,Y,Unsigned,Unsigned,Unsigned,Signed
Lori,Trahan,MA,MA03,Up for re-election in 2024,Rep. ,,D,Y,,Y,,,,N,,,,N,,,N,,,,,Y,Unsigned,Unsigned,Unsigned,Signed
David,Trone,MD,MD06,Running for Senate in 2024,Rep. ,,D,Y,,Y,(C),,,N,(C),,,N,,,N,,,Y,Y,Y,Unsigned,Unsigned,Signed,Unsigned
Michael,Turner,OH,OH10,Up for re-election in 2024,Rep. ,Mike,R,Y,,Y,,,,Y,,,,Y,,,Y,,,,,Y,Unsigned,Unsigned,Unsigned,Unsigned
Lauren,Underwood,IL,IL14,Up for re-election in 2024,Rep. ,,D,Y,,N,,,,N,,,,N,,,N,,,,,Y,Signed,Unsigned,Unsigned,Signed
David,Valadao,CA,CA22,Up for re-election in 2024,Rep. ,,R,Y,,Y,,,,Y,,,,Y(C),,,Y,,,,,Y,Unsigned,Unsigned,Unsigned,Unsigned
Jeff,Van Drew,NJ,NJ02,Up for re-election in 2024,Rep. ,,R,Y,(C),Y,,,,Y(C),,,,Y(C),,,Y,,,N,N,Y,Unsigned,Unsigned,Unsigned,Unsigned
Beth,Van Duyne,TX,TX24,Up for re-election in 2024,Rep. ,,R,Y,,Y,,,,Y(C),,,,Y(C),,,Y,,,,,Y,Unsigned,Unsigned,Unsigned,Unsigned
Derrick,Van Orden,WI,WI03,Up for re-election in 2024,Rep. ,,R,Y,,Y,,,,Y(C),,,,Y,,,Y,,,,,Y,Unsigned,Unsigned,Unsigned,Unsigned
Juan,Vargas,CA,CA52,Up for re-election in 2024,Rep. ,,D,Y,,Y,(C),,,N,,,,Y,,(C),N,,,Y,,Y,Unsigned,Unsigned,Unsigned,Signed
Gabe,Vasquez,NM,NM02,Up for re-election in 2024,Rep. ,,D,Y,,Y,,,,N,,,,N,,,N,,,Y,,Y,Unsigned,Unsigned,Unsigned,Signed
Marc,Veasey,TX,TX33,Up for re-election in 2024,Rep. ,,D,Y,(C),Y,,,,N,,,,N,,,N,,,,,Y,Unsigned,Unsigned,Unsigned,Signed
Nydia,Velazquez,NY,NY07,Up for re-election in 2024,Rep. ,,D,Y,,N,,,(C),N,,(C),,N,,(C),N,,,Y,,N,Signed,Unsigned,Unsigned,Unsigned
Ann,Wagner,MO,MO02,Up for re-election in 2024,Rep. ,,R,Y,,Y,,,,Y,,,,Y,,,Y,,,,,Y,Unsigned,Unsigned,Unsigned,Unsigned
Timothy,Walberg,MI,MI05,Up for re-election in 2024,Rep. ,Tim,R,Y,,Y,,,,Y,,,,Y,,,Y,,,,,Y,Unsigned,Unsigned,Unsigned,Unsigned
Michael,Waltz,FL,FL06,Up for re-election in 2024,Rep. ,Mike,R,Y,,Y,,,,Y,,,,Y(C),,,Y,,,,,Y,Unsigned,Unsigned,Unsigned,Unsigned
Deborah,Wasserman Schultz,FL,FL25,Up for re-election in 2024,Rep. ,Debbie,D,Y,(C),Y,(C),,,Y,,,,Y(C),,,N,,,,,Y,Unsigned,Unsigned,Unsigned,Signed
Maxine,Waters,CA,CA43,Up for re-election in 2024,Rep. ,,D,Not voting,,N,,,,N,,,,N,,,N,,,,,N,Signed,Unsigned,Unsigned,Signed
Bonnie,Watson Coleman,NJ,NJ12,Up for re-election in 2024,Rep. ,,D,Y,,N,(C),,(C),N,(C),(C),,N,,(C),N,,,Y,N,N,Signed,Unsigned,Unsigned,Signed
Randy,Weber,TX,TX14,Up for re-election in 2024,Rep. ,,R,Y,(C),Y,,,,Y,,,,Y(C),,,Y,,,,,Y,Unsigned,Unsigned,Unsigned,Unsigned
Daniel,Webster,FL,FL11,Up for re-election in 2024,Rep. ,Dan,R,Y,,Y,,,,Not voting,,,,Y,,,Y,,,,,Y,Unsigned,Unsigned,Unsigned,Unsigned
Brad,Wenstrup,OH,OH02,Retiring at the end of current term,Rep. ,,R,Y,,Y,,(C),,Y,,,,Y,,,Y,,,,,Y,Unsigned,Unsigned,Unsigned,Unsigned
Bruce,Westerman,AR,AR04,Up for re-election in 2024,Rep. ,,R,Y,,Y,,,,Y,,,,Y(C),,,Y,,,,,Y,Unsigned,Unsigned,Unsigned,Unsigned
Jennifer,Wexton,VA,VA10,Retiring at end of current term,Rep. ,,D,Not voting,,N,,(C),,N,,,,Not voting,,,N,,,,,Y,Unsigned,Unsigned,Unsigned,Signed
Susan,Wild,PA,PA07,Up for re-election in 2024,Rep. ,,D,Y,(C),Y,,,,,,,,N,,,N,,,,,Y,Unsigned,Unsigned,Unsigned,Signed
Roger,Williams,TX,TX25,Up for re-election in 2024,Rep. ,,R,Y,,Y,,,,Y,,,,Y,,,Y,,,,,Y,Unsigned,Unsigned,Unsigned,Unsigned
Nikema,Williams,GA,GA05,Up for re-election in 2024,Rep. ,,D,Y,,Y,(C),,,N,(C),(C),,N,,(C),N,(C),,Y,,Y,Signed,Unsigned,Unsigned,Signed
Brandon,Williams,NY,NY22,Up for re-election in 2024,Rep. ,,R,Y,,Y,,,,Y,,,,Y(C),,,Y,,,,,Not Voting,Unsigned,Unsigned,Unsigned,Unsigned
Addison,Wilson,SC,SC02,Up for re-election in 2024,Rep. ,Joe,R,Y,,Y,,,,Y(C),,,,Y(C),,,N,,,,,Y,Unsigned,Unsigned,Unsigned,Unsigned
Frederica,Wilson,FL,FL24,Up for re-election in 2024,Rep. ,,D,Not voting,,Y,,,,Y,,,,Y,,,Y,,,Y,,Y,Unsigned,Unsigned,Unsigned,Signed
Rob,Wittman,VA,VA01,Up for re-election in 2024,Rep. ,,R,Y,,Y,,,,Y,,,,Y,,,Y,,,,,Y,Unsigned,Unsigned,Unsigned,Unsigned
Stephen,Womack,AR,AR03,Up for re-election in 2024,Rep. ,Steve,R,Y,,Y,,,,Y,,,,Y(C),,,Y,,,,,Y,Unsigned,Unsigned,Unsigned,Unsigned
Rudy,Yakym,IN,IN02,Up for re-election in 2024,Rep. ,,R,Y,(C),Y,,(C),,Y,,,,Y,,,Y,,,,,Y,Unsigned,Unsigned,Unsigned,Unsigned
Ryan,Zinke,MT,MT01,Up for re-election in 2024,Rep. ,,R,Y,,Y,,,,Y,,,,Y,,,Y,,,,,N,Unsigned,Unsigned,Unsigned,Unsigned
,,,,,,,,,,,,,,,,,,,,,,,,,,,,,,
,,,,,,,,,,,,,,,,,,,,,,,,,,,,,,
,,,,,,,,,,,,,,,,,,,,,,,,,,,,,,
,,,,,,,,,,,,,,,,,,,,,,,,,,,,,,
,,,,,,,,,,,,,,,,,,,,,,,,,,,,,,
,,,,,,,,,,,,,,,,,,,,,,,,,,,,,,
,,,,,,,,,,,,,,,,,,,,,,,,,,,,,,
,,,,,,,,,,,,,,,,,,,,,,,,,,,,,,
,,,,,,,,,,,,,,,,,,,,,,,,,,,,,,
,,,,,,,,,,,,,,,,,,,,,,,,,,,,,,
,,,,,,,,,,,,,,,,,,,,,,,,,,,,,,
,,,,,,,,,,,,,,,,,,,,,,,,,,,,,,
,,,,,,,,,,,,,,,,,,,,,,,,,,,,,,
,,,,,,,,,,,,,,,,,,,,,,,,,,,,,,
,,,,,,,,,,,,,,,,,,,,,,,,,,,,,,
,,,,,,,,,,,,,,,,,,,,,,,,,,,,,,
,,,,,,,,,,,,,,,,,,,,,,,,,,,,,,
,,,,,,,,,,,,,,,,,,,,,,,,,,,,,,
,,,,,,,,,,,,,,,,,,,,,,,,,,,,,,
,,,,,,,,,,,,,,,,,,,,,,,,,,,,,,
,,,,,,,,,,,,,,,,,,,,,,,,,,,,,,
,,,,,,,,,,,,,,,,,,,,,,,,,,,,,,
,,,,,,,,,,,,,,,,,,,,,,,,,,,,,,
,,,,,,,,,,,,,,,,,,,,,,,,,,,,,,
,,,,,,,,,,,,,,,,,,,,,,,,,,,,,,
,,,,,,,,,,,,,,,,,,,,,,,,,,,,,,
,,,,,,,,,,,,,,,,,,,,,,,,,,,,,,
,,,,,,,,,,,,,,,,,,,,,,,,,,,,,,
,,,,,,,,,,,,,,,,,,,,,,,,,,,,,,
,,,,,,,,,,,,,,,,,,,,,,,,,,,,,,
,,,,,,,,,,,,,,,,,,,,,,,,,,,,,,
,,,,,,,,,,,,,,,,,,,,,,,,,,,,,,
,,,,,,,,,,,,,,,,,,,,,,,,,,,,,,
,,,,,,,,,,,,,,,,,,,,,,,,,,,,,,
,,,,,,,,,,,,,,,,,,,,,,,,,,,,,,
,,,,,,,,,,,,,,,,,,,,,,,,,,,,,,
,,,,,,,,,,,,,,,,,,,,,,,,,,,,,,
,,,,,,,,,,,,,,,,,,,,,,,,,,,,,,
,,,,,,,,,,,,,,,,,,,,,,,,,,,,,,
,,,,,,,,,,,,,,,,,,,,,,,,,,,,,,
,,,,,,,,,,,,,,,,,,,,,,,,,,,,,,
,,,,,,,,,,,,,,,,,,,,,,,,,,,,,,
,,,,,,,,,,,,,,,,,,,,,,,,,,,,,,
,,,,,,,,,,,,,,,,,,,,,,,,,,,,,,
,,,,,,,,,,,,,,,,,,,,,,,,,,,,,,
,,,,,,,,,,,,,,,,,,,,,,,,,,,,,,
,,,,,,,,,,,,,,,,,,,,,,,,,,,,,,
,,,,,,,,,,,,,,,,,,,,,,,,,,,,,,
,,,,,,,,,,,,,,,,,,,,,,,,,,,,,,
,,,,,,,,,,,,,,,,,,,,,,,,,,,,,,
,,,,,,,,,,,,,,,,,,,,,,,,,,,,,,
,,,,,,,,,,,,,,,,,,,,,,,,,,,,,,
,,,,,,,,,,,,,,,,,,,,,,,,,,,,,,
,,,,,,,,,,,,,,,,,,,,,,,,,,,,,,
,,,,,,,,,,,,,,,,,,,,,,,,,,,,,,
,,,,,,,,,,,,,,,,,,,,,,,,,,,,,,
,,,,,,,,,,,,,,,,,,,,,,,,,,,,,,
,,,,,,,,,,,,,,,,,,,,,,,,,,,,,,
,,,,,,,,,,,,,,,,,,,,,,,,,,,,,,
,,,,,,,,,,,,,,,,,,,,,,,,,,,,,,
,,,,,,,,,,,,,,,,,,,,,,,,,,,,,,
,,,,,,,,,,,,,,,,,,,,,,,,,,,,,,
,,,,,,,,,,,,,,,,,,,,,,,,,,,,,,
,,,,,,,,,,,,,,,,,,,,,,,,,,,,,,
,,,,,,,,,,,,,,,,,,,,,,,,,,,,,,
,,,,,,,,,,,,,,,,,,,,,,,,,,,,,,
,,,,,,,,,,,,,,,,,,,,,,,,,,,,,,
,,,,,,,,,,,,,,,,,,,,,,,,,,,,,,
,,,,,,,,,,,,,,,,,,,,,,,,,,,,,,
,,,,,,,,,,,,,,,,,,,,,,,,,,,,,,
,,,,,,,,,,,,,,,,,,,,,,,,,,,,,,
,,,,,,,,,,,,,,,,,,,,,,,,,,,,,,
,,,,,,,,,,,,,,,,,,,,,,,,,,,,,,
,,,,,,,,,,,,,,,,,,,,,,,,,,,,,,
,,,,,,,,,,,,,,,,,,,,,,,,,,,,,,
,,,,,,,,,,,,,,,,,,,,,,,,,,,,,,
,,,,,,,,,,,,,,,,,,,,,,,,,,,,,,
,,,,,,,,,,,,,,,,,,,,,,,,,,,,,,
,,,,,,,,,,,,,,,,,,,,,,,,,,,,,,
,,,,,,,,,,,,,,,,,,,,,,,,,,,,,,
,,,,,,,,,,,,,,,,,,,,,,,,,,,,,,
,,,,,,,,,,,,,,,,,,,,,,,,,,,,,,
,,,,,,,,,,,,,,,,,,,,,,,,,,,,,,
,,,,,,,,,,,,,,,,,,,,,,,,,,,,,,
,,,,,,,,,,,,,,,,,,,,,,,,,,,,,,
,,,,,,,,,,,,,,,,,,,,,,,,,,,,,,
,,,,,,,,,,,,,,,,,,,,,,,,,,,,,,
,,,,,,,,,,,,,,,,,,,,,,,,,,,,,,
,,,,,,,,,,,,,,,,,,,,,,,,,,,,,,
,,,,,,,,,,,,,,,,,,,,,,,,,,,,,,
,,,,,,,,,,,,,,,,,,,,,,,,,,,,,,
,,,,,,,,,,,,,,,,,,,,,,,,,,,,,,
,,,,,,,,,,,,,,,,,,,,,,,,,,,,,,
,,,,,,,,,,,,,,,,,,,,,,,,,,,,,,
,,,,,,,,,,,,,,,,,,,,,,,,,,,,,,
,,,,,,,,,,,,,,,,,,,,,,,,,,,,,,
,,,,,,,,,,,,,,,,,,,,,,,,,,,,,,
,,,,,,,,,,,,,,,,,,,,,,,,,,,,,,
,,,,,,,,,,,,,,,,,,,,,,,,,,,,,,
,,,,,,,,,,,,,,,,,,,,,,,,,,,,,,
,,,,,,,,,,,,,,,,,,,,,,,,,,,,,,
,,,,,,,,,,,,,,,,,,,,,,,,,,,,,,
,,,,,,,,,,,,,,,,,,,,,,,,,,,,,,
,,,,,,,,,,,,,,,,,,,,,,,,,,,,,,
,,,,,,,,,,,,,,,,,,,,,,,,,,,,,,
,,,,,,,,,,,,,,,,,,,,,,,,,,,,,,
,,,,,,,,,,,,,,,,,,,,,,,,,,,,,,
,,,,,,,,,,,,,,,,,,,,,,,,,,,,,,
,,,,,,,,,,,,,,,,,,,,,,,,,,,,,,
,,,,,,,,,,,,,,,,,,,,,,,,,,,,,,
,,,,,,,,,,,,,,,,,,,,,,,,,,,,,,
,,,,,,,,,,,,,,,,,,,,,,,,,,,,,,
,,,,,,,,,,,,,,,,,,,,,,,,,,,,,,
,,,,,,,,,,,,,,,,,,,,,,,,,,,,,,
,,,,,,,,,,,,,,,,,,,,,,,,,,,,,,
,,,,,,,,,,,,,,,,,,,,,,,,,,,,,,
,,,,,,,,,,,,,,,,,,,,,,,,,,,,,,
,,,,,,,,,,,,,,,,,,,,,,,,,,,,,,
,,,,,,,,,,,,,,,,,,,,,,,,,,,,,,
,,,,,,,,,,,,,,,,,,,,,,,,,,,,,,
,,,,,,,,,,,,,,,,,,,,,,,,,,,,,,
,,,,,,,,,,,,,,,,,,,,,,,,,,,,,,
,,,,,,,,,,,,,,,,,,,,,,,,,,,,,,
,,,,,,,,,,,,,,,,,,,,,,,,,,,,,,
,,,,,,,,,,,,,,,,,,,,,,,,,,,,,,
,,,,,,,,,,,,,,,,,,,,,,,,,,,,,,
,,,,,,,,,,,,,,,,,,,,,,,,,,,,,,
,,,,,,,,,,,,,,,,,,,,,,,,,,,,,,
,,,,,,,,,,,,,,,,,,,,,,,,,,,,,,
,,,,,,,,,,,,,,,,,,,,,,,,,,,,,,
,,,,,,,,,,,,,,,,,,,,,,,,,,,,,,
,,,,,,,,,,,,,,,,,,,,,,,,,,,,,,
,,,,,,,,,,,,,,,,,,,,,,,,,,,,,,
,,,,,,,,,,,,,,,,,,,,,,,,,,,,,,
,,,,,,,,,,,,,,,,,,,,,,,,,,,,,,
,,,,,,,,,,,,,,,,,,,,,,,,,,,,,,
,,,,,,,,,,,,,,,,,,,,,,,,,,,,,,
,,,,,,,,,,,,,,,,,,,,,,,,,,,,,,
,,,,,,,,,,,,,,,,,,,,,,,,,,,,,,
,,,,,,,,,,,,,,,,,,,,,,,,,,,,,,
,,,,,,,,,,,,,,,,,,,,,,,,,,,,,,
,,,,,,,,,,,,,,,,,,,,,,,,,,,,,,
,,,,,,,,,,,,,,,,,,,,,,,,,,,,,,
,,,,,,,,,,,,,,,,,,,,,,,,,,,,,,
,,,,,,,,,,,,,,,,,,,,,,,,,,,,,,
,,,,,,,,,,,,,,,,,,,,,,,,,,,,,,
,,,,,,,,,,,,,,,,,,,,,,,,,,,,,,
,,,,,,,,,,,,,,,,,,,,,,,,,,,,,,
,,,,,,,,,,,,,,,,,,,,,,,,,,,,,,
,,,,,,,,,,,,,,,,,,,,,,,,,,,,,,
,,,,,,,,,,,,,,,,,,,,,,,,,,,,,,
,,,,,,,,,,,,,,,,,,,,,,,,,,,,,,
,,,,,,,,,,,,,,,,,,,,,,,,,,,,,,
,,,,,,,,,,,,,,,,,,,,,,,,,,,,,,
,,,,,,,,,,,,,,,,,,,,,,,,,,,,,,
,,,,,,,,,,,,,,,,,,,,,,,,,,,,,,
,,,,,,,,,,,,,,,,,,,,,,,,,,,,,,
,,,,,,,,,,,,,,,,,,,,,,,,,,,,,,
,,,,,,,,,,,,,,,,,,,,,,,,,,,,,,
,,,,,,,,,,,,,,,,,,,,,,,,,,,,,,
,,,,,,,,,,,,,,,,,,,,,,,,,,,,,,
,,,,,,,,,,,,,,,,,,,,,,,,,,,,,,
,,,,,,,,,,,,,,,,,,,,,,,,,,,,,,
,,,,,,,,,,,,,,,,,,,,,,,,,,,,,,
,,,,,,,,,,,,,,,,,,,,,,,,,,,,,,
,,,,,,,,,,,,,,,,,,,,,,,,,,,,,,
,,,,,,,,,,,,,,,,,,,,,,,,,,,,,,
,,,,,,,,,,,,,,,,,,,,,,,,,,,,,,
,,,,,,,,,,,,,,,,,,,,,,,,,,,,,,
,,,,,,,,,,,,,,,,,,,,,,,,,,,,,,
,,,,,,,,,,,,,,,,,,,,,,,,,,,,,,
,,,,,,,,,,,,,,,,,,,,,,,,,,,,,,
,,,,,,,,,,,,,,,,,,,,,,,,,,,,,,
,,,,,,,,,,,,,,,,,,,,,,,,,,,,,,
,,,,,,,,,,,,,,,,,,,,,,,,,,,,,,
,,,,,,,,,,,,,,,,,,,,,,,,,,,,,,
,,,,,,,,,,,,,,,,,,,,,,,,,,,,,,
,,,,,,,,,,,,,,,,,,,,,,,,,,,,,,
,,,,,,,,,,,,,,,,,,,,,,,,,,,,,,
,,,,,,,,,,,,,,,,,,,,,,,,,,,,,,
,,,,,,,,,,,,,,,,,,,,,,,,,,,,,,
,,,,,,,,,,,,,,,,,,,,,,,,,,,,,,
,,,,,,,,,,,,,,,,,,,,,,,,,,,,,,
,,,,,,,,,,,,,,,,,,,,,,,,,,,,,,
,,,,,,,,,,,,,,,,,,,,,,,,,,,,,,
,,,,,,,,,,,,,,,,,,,,,,,,,,,,,,
,,,,,,,,,,,,,,,,,,,,,,,,,,,,,,
,,,,,,,,,,,,,,,,,,,,,,,,,,,,,,
,,,,,,,,,,,,,,,,,,,,,,,,,,,,,,
,,,,,,,,,,,,,,,,,,,,,,,,,,,,,,
,,,,,,,,,,,,,,,,,,,,,,,,,,,,,,
,,,,,,,,,,,,,,,,,,,,,,,,,,,,,,
,,,,,,,,,,,,,,,,,,,,,,,,,,,,,,
,,,,,,,,,,,,,,,,,,,,,,,,,,,,,,
,,,,,,,,,,,,,,,,,,,,,,,,,,,,,,
,,,,,,,,,,,,,,,,,,,,,,,,,,,,,,
,,,,,,,,,,,,,,,,,,,,,,,,,,,,,,
,,,,,,,,,,,,,,,,,,,,,,,,,,,,,,
,,,,,,,,,,,,,,,,,,,,,,,,,,,,,,
,,,,,,,,,,,,,,,,,,,,,,,,,,,,,,
,,,,,,,,,,,,,,,,,,,,,,,,,,,,,,
,,,,,,,,,,,,,,,,,,,,,,,,,,,,,,
,,,,,,,,,,,,,,,,,,,,,,,,,,,,,,
,,,,,,,,,,,,,,,,,,,,,,,,,,,,,,
,,,,,,,,,,,,,,,,,,,,,,,,,,,,,,
,,,,,,,,,,,,,,,,,,,,,,,,,,,,,,
,,,,,,,,,,,,,,,,,,,,,,,,,,,,,,
,,,,,,,,,,,,,,,,,,,,,,,,,,,,,,
,,,,,,,,,,,,,,,,,,,,,,,,,,,,,,
,,,,,,,,,,,,,,,,,,,,,,,,,,,,,,
,,,,,,,,,,,,,,,,,,,,,,,,,,,,,,
,,,,,,,,,,,,,,,,,,,,,,,,,,,,,,
,,,,,,,,,,,,,,,,,,,,,,,,,,,,,,
,,,,,,,,,,,,,,,,,,,,,,,,,,,,,,
,,,,,,,,,,,,,,,,,,,,,,,,,,,,,,
,,,,,,,,,,,,,,,,,,,,,,,,,,,,,,
,,,,,,,,,,,,,,,,,,,,,,,,,,,,,,
,,,,,,,,,,,,,,,,,,,,,,,,,,,,,,
,,,,,,,,,,,,,,,,,,,,,,,,,,,,,,
,,,,,,,,,,,,,,,,,,,,,,,,,,,,,,
,,,,,,,,,,,,,,,,,,,,,,,,,,,,,,
,,,,,,,,,,,,,,,,,,,,,,,,,,,,,,
,,,,,,,,,,,,,,,,,,,,,,,,,,,,,,
,,,,,,,,,,,,,,,,,,,,,,,,,,,,,,
,,,,,,,,,,,,,,,,,,,,,,,,,,,,,,
,,,,,,,,,,,,,,,,,,,,,,,,,,,,,,
,,,,,,,,,,,,,,,,,,,,,,,,,,,,,,
,,,,,,,,,,,,,,,,,,,,,,,,,,,,,,
,,,,,,,,,,,,,,,,,,,,,,,,,,,,,,
,,,,,,,,,,,,,,,,,,,,,,,,,,,,,,
,,,,,,,,,,,,,,,,,,,,,,,,,,,,,,
,,,,,,,,,,,,,,,,,,,,,,,,,,,,,,
,,,,,,,,,,,,,,,,,,,,,,,,,,,,,,
,,,,,,,,,,,,,,,,,,,,,,,,,,,,,,
,,,,,,,,,,,,,,,,,,,,,,,,,,,,,,
,,,,,,,,,,,,,,,,,,,,,,,,,,,,,,
,,,,,,,,,,,,,,,,,,,,,,,,,,,,,,
,,,,,,,,,,,,,,,,,,,,,,,,,,,,,,
,,,,,,,,,,,,,,,,,,,,,,,,,,,,,,
,,,,,,,,,,,,,,,,,,,,,,,,,,,,,,
,,,,,,,,,,,,,,,,,,,,,,,,,,,,,,
,,,,,,,,,,,,,,,,,,,,,,,,,,,,,,
,,,,,,,,,,,,,,,,,,,,,,,,,,,,,,
,,,,,,,,,,,,,,,,,,,,,,,,,,,,,,
,,,,,,,,,,,,,,,,,,,,,,,,,,,,,,
,,,,,,,,,,,,,,,,,,,,,,,,,,,,,,
,,,,,,,,,,,,,,,,,,,,,,,,,,,,,,
,,,,,,,,,,,,,,,,,,,,,,,,,,,,,,
,,,,,,,,,,,,,,,,,,,,,,,,,,,,,,
,,,,,,,,,,,,,,,,,,,,,,,,,,,,,,
,,,,,,,,,,,,,,,,,,,,,,,,,,,,,,
,,,,,,,,,,,,,,,,,,,,,,,,,,,,,,
,,,,,,,,,,,,,,,,,,,,,,,,,,,,,,
,,,,,,,,,,,,,,,,,,,,,,,,,,,,,,
,,,,,,,,,,,,,,,,,,,,,,,,,,,,,,
,,,,,,,,,,,,,,,,,,,,,,,,,,,,,,
,,,,,,,,,,,,,,,,,,,,,,,,,,,,,,
,,,,,,,,,,,,,,,,,,,,,,,,,,,,,,
,,,,,,,,,,,,,,,,,,,,,,,,,,,,,,
,,,,,,,,,,,,,,,,,,,,,,,,,,,,,,
,,,,,,,,,,,,,,,,,,,,,,,,,,,,,,
,,,,,,,,,,,,,,,,,,,,,,,,,,,,,,
,,,,,,,,,,,,,,,,,,,,,,,,,,,,,,
,,,,,,,,,,,,,,,,,,,,,,,,,,,,,,
,,,,,,,,,,,,,,,,,,,,,,,,,,,,,,
,,,,,,,,,,,,,,,,,,,,,,,,,,,,,,
,,,,,,,,,,,,,,,,,,,,,,,,,,,,,,
,,,,,,,,,,,,,,,,,,,,,,,,,,,,,,
,,,,,,,,,,,,,,,,,,,,,,,,,,,,,,
,,,,,,,,,,,,,,,,,,,,,,,,,,,,,,
,,,,,,,,,,,,,,,,,,,,,,,,,,,,,,
,,,,,,,,,,,,,,,,,,,,,,,,,,,,,,
,,,,,,,,,,,,,,,,,,,,,,,,,,,,,,
,,,,,,,,,,,,,,,,,,,,,,,,,,,,,,
,,,,,,,,,,,,,,,,,,,,,,,,,,,,,,
,,,,,,,,,,,,,,,,,,,,,,,,,,,,,,
,,,,,,,,,,,,,,,,,,,,,,,,,,,,,,
,,,,,,,,,,,,,,,,,,,,,,,,,,,,,,
,,,,,,,,,,,,,,,,,,,,,,,,,,,,,,
,,,,,,,,,,,,,,,,,,,,,,,,,,,,,,
,,,,,,,,,,,,,,,,,,,,,,,,,,,,,,
,,,,,,,,,,,,,,,,,,,,,,,,,,,,,,
,,,,,,,,,,,,,,,,,,,,,,,,,,,,,,
,,,,,,,,,,,,,,,,,,,,,,,,,,,,,,
,,,,,,,,,,,,,,,,,,,,,,,,,,,,,,
,,,,,,,,,,,,,,,,,,,,,,,,,,,,,,
,,,,,,,,,,,,,,,,,,,,,,,,,,,,,,
,,,,,,,,,,,,,,,,,,,,,,,,,,,,,,
,,,,,,,,,,,,,,,,,,,,,,,,,,,,,,
,,,,,,,,,,,,,,,,,,,,,,,,,,,,,,
,,,,,,,,,,,,,,,,,,,,,,,,,,,,,,
,,,,,,,,,,,,,,,,,,,,,,,,,,,,,,
,,,,,,,,,,,,,,,,,,,,,,,,,,,,,,
,,,,,,,,,,,,,,,,,,,,,,,,,,,,,,
,,,,,,,,,,,,,,,,,,,,,,,,,,,,,,
,,,,,,,,,,,,,,,,,,,,,,,,,,,,,,
,,,,,,,,,,,,,,,,,,,,,,,,,,,,,,
,,,,,,,,,,,,,,,,,,,,,,,,,,,,,,
,,,,,,,,,,,,,,,,,,,,,,,,,,,,,,
,,,,,,,,,,,,,,,,,,,,,,,,,,,,,,
,,,,,,,,,,,,,,,,,,,,,,,,,,,,,,
,,,,,,,,,,,,,,,,,,,,,,,,,,,,,,
,,,,,,,,,,,,,,,,,,,,,,,,,,,,,,
,,,,,,,,,,,,,,,,,,,,,,,,,,,,,,
,,,,,,,,,,,,,,,,,,,,,,,,,,,,,,
,,,,,,,,,,,,,,,,,,,,,,,,,,,,,,
,,,,,,,,,,,,,,,,,,,,,,,,,,,,,,
,,,,,,,,,,,,,,,,,,,,,,,,,,,,,,
,,,,,,,,,,,,,,,,,,,,,,,,,,,,,,
,,,,,,,,,,,,,,,,,,,,,,,,,,,,,,
,,,,,,,,,,,,,,,,,,,,,,,,,,,,,,
,,,,,,,,,,,,,,,,,,,,,,,,,,,,,,
,,,,,,,,,,,,,,,,,,,,,,,,,,,,,,
,,,,,,,,,,,,,,,,,,,,,,,,,,,,,,
,,,,,,,,,,,,,,,,,,,,,,,,,,,,,,
,,,,,,,,,,,,,,,,,,,,,,,,,,,,,,
,,,,,,,,,,,,,,,,,,,,,,,,,,,,,,
,,,,,,,,,,,,,,,,,,,,,,,,,,,,,,
,,,,,,,,,,,,,,,,,,,,,,,,,,,,,,
,,,,,,,,,,,,,,,,,,,,,,,,,,,,,,
,,,,,,,,,,,,,,,,,,,,,,,,,,,,,,
,,,,,,,,,,,,,,,,,,,,,,,,,,,,,,
,,,,,,,,,,,,,,,,,,,,,,,,,,,,,,
,,,,,,,,,,,,,,,,,,,,,,,,,,,,,,
,,,,,,,,,,,,,,,,,,,,,,,,,,,,,,
,,,,,,,,,,,,,,,,,,,,,,,,,,,,,,
,,,,,,,,,,,,,,,,,,,,,,,,,,,,,,
,,,,,,,,,,,,,,,,,,,,,,,,,,,,,,
,,,,,,,,,,,,,,,,,,,,,,,,,,,,,,
,,,,,,,,,,,,,,,,,,,,,,,,,,,,,,
,,,,,,,,,,,,,,,,,,,,,,,,,,,,,,
,,,,,,,,,,,,,,,,,,,,,,,,,,,,,,
,,,,,,,,,,,,,,,,,,,,,,,,,,,,,,
,,,,,,,,,,,,,,,,,,,,,,,,,,,,,,
,,,,,,,,,,,,,,,,,,,,,,,,,,,,,,
,,,,,,,,,,,,,,,,,,,,,,,,,,,,,,
,,,,,,,,,,,,,,,,,,,,,,,,,,,,,,
,,,,,,,,,,,,,,,,,,,,,,,,,,,,,,
,,,,,,,,,,,,,,,,,,,,,,,,,,,,,,
,,,,,,,,,,,,,,,,,,,,,,,,,,,,,,
,,,,,,,,,,,,,,,,,,,,,,,,,,,,,,
,,,,,,,,,,,,,,,,,,,,,,,,,,,,,,
,,,,,,,,,,,,,,,,,,,,,,,,,,,,,,
,,,,,,,,,,,,,,,,,,,,,,,,,,,,,,
,,,,,,,,,,,,,,,,,,,,,,,,,,,,,,
,,,,,,,,,,,,,,,,,,,,,,,,,,,,,,
,,,,,,,,,,,,,,,,,,,,,,,,,,,,,,
,,,,,,,,,,,,,,,,,,,,,,,,,,,,,,
,,,,,,,,,,,,,,,,,,,,,,,,,,,,,,
,,,,,,,,,,,,,,,,,,,,,,,,,,,,,,
,,,,,,,,,,,,,,,,,,,,,,,,,,,,,,
,,,,,,,,,,,,,,,,,,,,,,,,,,,,,,
,,,,,,,,,,,,,,,,,,,,,,,,,,,,,,
,,,,,,,,,,,,,,,,,,,,,,,,,,,,,,
,,,,,,,,,,,,,,,,,,,,,,,,,,,,,,
,,,,,,,,,,,,,,,,,,,,,,,,,,,,,,
,,,,,,,,,,,,,,,,,,,,,,,,,,,,,,
,,,,,,,,,,,,,,,,,,,,,,,,,,,,,,
,,,,,,,,,,,,,,,,,,,,,,,,,,,,,,
,,,,,,,,,,,,,,,,,,,,,,,,,,,,,,
,,,,,,,,,,,,,,,,,,,,,,,,,,,,,,
,,,,,,,,,,,,,,,,,,,,,,,,,,,,,,
,,,,,,,,,,,,,,,,,,,,,,,,,,,,,,
,,,,,,,,,,,,,,,,,,,,,,,,,,,,,,
,,,,,,,,,,,,,,,,,,,,,,,,,,,,,,
,,,,,,,,,,,,,,,,,,,,,,,,,,,,,,
,,,,,,,,,,,,,,,,,,,,,,,,,,,,,,
,,,,,,,,,,,,,,,,,,,,,,,,,,,,,,
,,,,,,,,,,,,,,,,,,,,,,,,,,,,,,
,,,,,,,,,,,,,,,,,,,,,,,,,,,,,,
,,,,,,,,,,,,,,,,,,,,,,,,,,,,,,
,,,,,,,,,,,,,,,,,,,,,,,,,,,,,,
,,,,,,,,,,,,,,,,,,,,,,,,,,,,,,
,,,,,,,,,,,,,,,,,,,,,,,,,,,,,,
,,,,,,,,,,,,,,,,,,,,,,,,,,,,,,
,,,,,,,,,,,,,,,,,,,,,,,,,,,,,,
,,,,,,,,,,,,,,,,,,,,,,,,,,,,,,
,,,,,,,,,,,,,,,,,,,,,,,,,,,,,,
,,,,,,,,,,,,,,,,,,,,,,,,,,,,,,
,,,,,,,,,,,,,,,,,,,,,,,,,,,,,,
,,,,,,,,,,,,,,,,,,,,,,,,,,,,,,
,,,,,,,,,,,,,,,,,,,,,,,,,,,,,,
,,,,,,,,,,,,,,,,,,,,,,,,,,,,,,
,,,,,,,,,,,,,,,,,,,,,,,,,,,,,,
,,,,,,,,,,,,,,,,,,,,,,,,,,,,,,
,,,,,,,,,,,,,,,,,,,,,,,,,,,,,,
,,,,,,,,,,,,,,,,,,,,,,,,,,,,,,
,,,,,,,,,,,,,,,,,,,,,,,,,,,,,,
,,,,,,,,,,,,,,,,,,,,,,,,,,,,,,
,,,,,,,,,,,,,,,,,,,,,,,,,,,,,,
,,,,,,,,,,,,,,,,,,,,,,,,,,,,,,
,,,,,,,,,,,,,,,,,,,,,,,,,,,,,,
,,,,,,,,,,,,,,,,,,,,,,,,,,,,,,
,,,,,,,,,,,,,,,,,,,,,,,,,,,,,,
,,,,,,,,,,,,,,,,,,,,,,,,,,,,,,
,,,,,,,,,,,,,,,,,,,,,,,,,,,,,,
,,,,,,,,,,,,,,,,,,,,,,,,,,,,,,
,,,,,,,,,,,,,,,,,,,,,,,,,,,,,,
,,,,,,,,,,,,,,,,,,,,,,,,,,,,,,
,,,,,,,,,,,,,,,,,,,,,,,,,,,,,,
,,,,,,,,,,,,,,,,,,,,,,,,,,,,,,
,,,,,,,,,,,,,,,,,,,,,,,,,,,,,,
,,,,,,,,,,,,,,,,,,,,,,,,,,,,,,
,,,,,,,,,,,,,,,,,,,,,,,,,,,,,,
,,,,,,,,,,,,,,,,,,,,,,,,,,,,,,
,,,,,,,,,,,,,,,,,,,,,,,,,,,,,,
,,,,,,,,,,,,,,,,,,,,,,,,,,,,,,
,,,,,,,,,,,,,,,,,,,,,,,,,,,,,,
,,,,,,,,,,,,,,,,,,,,,,,,,,,,,,
,,,,,,,,,,,,,,,,,,,,,,,,,,,,,,
,,,,,,,,,,,,,,,,,,,,,,,,,,,,,,
,,,,,,,,,,,,,,,,,,,,,,,,,,,,,,
,,,,,,,,,,,,,,,,,,,,,,,,,,,,,,
,,,,,,,,,,,,,,,,,,,,,,,,,,,,,,
,,,,,,,,,,,,,,,,,,,,,,,,,,,,,,
,,,,,,,,,,,,,,,,,,,,,,,,,,,,,,
,,,,,,,,,,,,,,,,,,,,,,,,,,,,,,
,,,,,,,,,,,,,,,,,,,,,,,,,,,,,,
,,,,,,,,,,,,,,,,,,,,,,,,,,,,,,
,,,,,,,,,,,,,,,,,,,,,,,,,,,,,,
,,,,,,,,,,,,,,,,,,,,,,,,,,,,,,
,,,,,,,,,,,,,,,,,,,,,,,,,,,,,,
,,,,,,,,,,,,,,,,,,,,,,,,,,,,,,
,,,,,,,,,,,,,,,,,,,,,,,,,,,,,,
,,,,,,,,,,,,,,,,,,,,,,,,,,,,,,
,,,,,,,,,,,,,,,,,,,,,,,,,,,,,,
,,,,,,,,,,,,,,,,,,,,,,,,,,,,,,
,,,,,,,,,,,,,,,,,,,,,,,,,,,,,,
,,,,,,,,,,,,,,,,,,,,,,,,,,,,,,
,,,,,,,,,,,,,,,,,,,,,,,,,,,,,,
,,,,,,,,,,,,,,,,,,,,,,,,,,,,,,
,,,,,,,,,,,,,,,,,,,,,,,,,,,,,,
,,,,,,,,,,,,,,,,,,,,,,,,,,,,,,
,,,,,,,,,,,,,,,,,,,,,,,,,,,,,,
,,,,,,,,,,,,,,,,,,,,,,,,,,,,,,
,,,,,,,,,,,,,,,,,,,,,,,,,,,,,,
,,,,,,,,,,,,,,,,,,,,,,,,,,,,,,
,,,,,,,,,,,,,,,,,,,,,,,,,,,,,,
,,,,,,,,,,,,,,,,,,,,,,,,,,,,,,
,,,,,,,,,,,,,,,,,,,,,,,,,,,,,,
,,,,,,,,,,,,,,,,,,,,,,,,,,,,,,
,,,,,,,,,,,,,,,,,,,,,,,,,,,,,,
,,,,,,,,,,,,,,,,,,,,,,,,,,,,,,
,,,,,,,,,,,,,,,,,,,,,,,,,,,,,,
,,,,,,,,,,,,,,,,,,,,,,,,,,,,,,
,,,,,,,,,,,,,,,,,,,,,,,,,,,,,,
,,,,,,,,,,,,,,,,,,,,,,,,,,,,,,
,,,,,,,,,,,,,,,,,,,,,,,,,,,,,,
,,,,,,,,,,,,,,,,,,,,,,,,,,,,,,
,,,,,,,,,,,,,,,,,,,,,,,,,,,,,,
,,,,,,,,,,,,,,,,,,,,,,,,,,,,,,
,,,,,,,,,,,,,,,,,,,,,,,,,,,,,,
,,,,,,,,,,,,,,,,,,,,,,,,,,,,,,
,,,,,,,,,,,,,,,,,,,,,,,,,,,,,,
,,,,,,,,,,,,,,,,,,,,,,,,,,,,,,
,,,,,,,,,,,,,,,,,,,,,,,,,,,,,,
,,,,,,,,,,,,,,,,,,,,,,,,,,,,,,
,,,,,,,,,,,,,,,,,,,,,,,,,,,,,,
,,,,,,,,,,,,,,,,,,,,,,,,,,,,,,
,,,,,,,,,,,,,,,,,,,,,,,,,,,,,,
,,,,,,,,,,,,,,,,,,,,,,,,,,,,,,
,,,,,,,,,,,,,,,,,,,,,,,,,,,,,,
,,,,,,,,,,,,,,,,,,,,,,,,,,,,,,
,,,,,,,,,,,,,,,,,,,,,,,,,,,,,,
,,,,,,,,,,,,,,,,,,,,,,,,,,,,,,
,,,,,,,,,,,,,,,,,,,,,,,,,,,,,,
,,,,,,,,,,,,,,,,,,,,,,,,,,,,,,
,,,,,,,,,,,,,,,,,,,,,,,,,,,,,,
,,,,,,,,,,,,,,,,,,,,,,,,,,,,,,
,,,,,,,,,,,,,,,,,,,,,,,,,,,,,,
,,,,,,,,,,,,,,,,,,,,,,,,,,,,,,
,,,,,,,,,,,,,,,,,,,,,,,,,,,,,,
,,,,,,,,,,,,,,,,,,,,,,,,,,,,,,
,,,,,,,,,,,,,,,,,,,,,,,,,,,,,,
,,,,,,,,,,,,,,,,,,,,,,,,,,,,,,
,,,,,,,,,,,,,,,,,,,,,,,,,,,,,,
,,,,,,,,,,,,,,,,,,,,,,,,,,,,,,
,,,,,,,,,,,,,,,,,,,,,,,,,,,,,,
,,,,,,,,,,,,,,,,,,,,,,,,,,,,,,
,,,,,,,,,,,,,,,,,,,,,,,,,,,,,,
,,,,,,,,,,,,,,,,,,,,,,,,,,,,,,
,,,,,,,,,,,,,,,,,,,,,,,,,,,,,,
,,,,,,,,,,,,,,,,,,,,,,,,,,,,,,
,,,,,,,,,,,,,,,,,,,,,,,,,,,,,,
,,,,,,,,,,,,,,,,,,,,,,,,,,,,,,
,,,,,,,,,,,,,,,,,,,,,,,,,,,,,,
,,,,,,,,,,,,,,,,,,,,,,,,,,,,,,
,,,,,,,,,,,,,,,,,,,,,,,,,,,,,,
,,,,,,,,,,,,,,,,,,,,,,,,,,,,,,
,,,,,,,,,,,,,,,,,,,,,,,,,,,,,,
,,,,,,,,,,,,,,,,,,,,,,,,,,,,,,
,,,,,,,,,,,,,,,,,,,,,,,,,,,,,,
,,,,,,,,,,,,,,,,,,,,,,,,,,,,,,
,,,,,,,,,,,,,,,,,,,,,,,,,,,,,,
,,,,,,,,,,,,,,,,,,,,,,,,,,,,,,
,,,,,,,,,,,,,,,,,,,,,,,,,,,,,,
,,,,,,,,,,,,,,,,,,,,,,,,,,,,,,
,,,,,,,,,,,,,,,,,,,,,,,,,,,,,,
,,,,,,,,,,,,,,,,,,,,,,,,,,,,,,
,,,,,,,,,,,,,,,,,,,,,,,,,,,,,,
,,,,,,,,,,,,,,,,,,,,,,,,,,,,,,
,,,,,,,,,,,,,,,,,,,,,,,,,,,,,,
,,,,,,,,,,,,,,,,,,,,,,,,,,,,,,
,,,,,,,,,,,,,,,,,,,,,,,,,,,,,,
,,,,,,,,,,,,,,,,,,,,,,,,,,,,,,
,,,,,,,,,,,,,,,,,,,,,,,,,,,,,,
,,,,,,,,,,,,,,,,,,,,,,,,,,,,,,
,,,,,,,,,,,,,,,,,,,,,,,,,,,,,,
,,,,,,,,,,,,,,,,,,,,,,,,,,,,,,
,,,,,,,,,,,,,,,,,,,,,,,,,,,,,,
,,,,,,,,,,,,,,,,,,,,,,,,,,,,,,
,,,,,,,,,,,,,,,,,,,,,,,,,,,,,,
,,,,,,,,,,,,,,,,,,,,,,,,,,,,,,
,,,,,,,,,,,,,,,,,,,,,,,,,,,,,,
,,,,,,,,,,,,,,,,,,,,,,,,,,,,,,
,,,,,,,,,,,,,,,,,,,,,,,,,,,,,,
,,,,,,,,,,,,,,,,,,,,,,,,,,,,,,
,,,,,,,,,,,,,,,,,,,,,,,,,,,,,,
,,,,,,,,,,,,,,,,,,,,,,,,,,,,,,
,,,,,,,,,,,,,,,,,,,,,,,,,,,,,,
,,,,,,,,,,,,,,,,,,,,,,,,,,,,,,
,,,,,,,,,,,,,,,,,,,,,,,,,,,,,,
,,,,,,,,,,,,,,,,,,,,,,,,,,,,,,
,,,,,,,,,,,,,,,,,,,,,,,,,,,,,,
,,,,,,,,,,,,,,,,,,,,,,,,,,,,,,
,,,,,,,,,,,,,,,,,,,,,,,,,,,,,,
,,,,,,,,,,,,,,,,,,,,,,,,,,,,,,
,,,,,,,,,,,,,,,,,,,,,,,,,,,,,,
,,,,,,,,,,,,,,,,,,,,,,,,,,,,,,
,,,,,,,,,,,,,,,,,,,,,,,,,,,,,,
,,,,,,,,,,,,,,,,,,,,,,,,,,,,,,
,,,,,,,,,,,,,,,,,,,,,,,,,,,,,,
,,,,,,,,,,,,,,,,,,,,,,,,,,,,,,
,,,,,,,,,,,,,,,,,,,,,,,,,,,,,,
,,,,,,,,,,,,,,,,,,,,,,,,,,,,,,
,,,,,,,,,,,,,,,,,,,,,,,,,,,,,,
,,,,,,,,,,,,,,,,,,,,,,,,,,,,,,
,,,,,,,,,,,,,,,,,,,,,,,,,,,,,,
,,,,,,,,,,,,,,,,,,,,,,,,,,,,,,
,,,,,,,,,,,,,,,,,,,,,,,,,,,,,,
,,,,,,,,,,,,,,,,,,,,,,,,,,,,,,
,,,,,,,,,,,,,,,,,,,,,,,,,,,,,,
,,,,,,,,,,,,,,,,,,,,,,,,,,,,,,
,,,,,,,,,,,,,,,,,,,,,,,,,,,,,,
,,,,,,,,,,,,,,,,,,,,,,,,,,,,,,
,,,,,,,,,,,,,,,,,,,,,,,,,,,,,,
,,,,,,,,,,,,,,,,,,,,,,,,,,,,,,
,,,,,,,,,,,,,,,,,,,,,,,,,,,,,,
,,,,,,,,,,,,,,,,,,,,,,,,,,,,,,
,,,,,,,,,,,,,,,,,,,,,,,,,,,,,,
,,,,,,,,,,,,,,,,,,,,,,,,,,,,,,
,,,,,,,,,,,,,,,,,,,,,,,,,,,,,,
,,,,,,,,,,,,,,,,,,,,,,,,,,,,,,
,,,,,,,,,,,,,,,,,,,,,,,,,,,,,,
,,,,,,,,,,,,,,,,,,,,,,,,,,,,,,
,,,,,,,,,,,,,,,,,,,,,,,,,,,,,,
,,,,,,,,,,,,,,,,,,,,,,,,,,,,,,
,,,,,,,,,,,,,,,,,,,,,,,,,,,,,,
,,,,,,,,,,,,,,,,,,,,,,,,,,,,,,
,,,,,,,,,,,,,,,,,,,,,,,,,,,,,,
,,,,,,,,,,,,,,,,,,,,,,,,,,,,,,
